ID,Age,Work_Exp,Income,Fam_Size,Crdt_Crd_Avg,Education,EdLevel 1,EdLevel 2,Mortgage,Sec_Account,CD_Account,Online_Bank,Credit_Card,Acpt_Offer
1,25,1,49,4,1.6,1,1,0,0,1,0,0,0,0
2,45,19,34,3,1.5,1,1,0,0,1,0,0,0,0
3,39,15,11,1,1,1,1,0,0,0,0,0,0,0
4,35,9,100,1,2.7,2,0,1,0,0,0,0,0,0
5,35,8,45,4,1,2,0,1,0,0,0,0,1,0
6,37,13,29,4,0.4,2,0,1,155,0,0,1,0,0
7,53,27,72,2,1.5,2,0,1,0,0,0,1,0,0
8,50,24,22,1,0.3,3,0,0,0,0,0,0,1,0
9,35,10,81,3,0.6,2,0,1,104,0,0,1,0,0
10,34,9,180,1,8.9,3,0,0,0,0,0,0,0,1
11,65,39,105,4,2.4,3,0,0,0,0,0,0,0,0
12,29,5,45,3,0.1,2,0,1,0,0,0,1,0,0
13,48,23,114,2,3.8,3,0,0,0,1,0,0,0,0
14,59,32,40,4,2.5,2,0,1,0,0,0,1,0,0
15,67,41,112,1,2,1,1,0,0,1,0,0,0,0
16,60,30,22,1,1.5,3,0,0,0,0,0,1,1,0
17,38,14,130,4,4.7,3,0,0,134,0,0,0,0,1
18,42,18,81,4,2.4,1,1,0,0,0,0,0,0,0
19,46,21,193,2,8.1,3,0,0,0,0,0,0,0,1
20,55,28,21,1,0.5,2,0,1,0,1,0,0,1,0
21,56,31,25,4,0.9,2,0,1,111,0,0,1,0,0
22,57,27,63,3,2,3,0,0,0,0,0,1,0,0
23,29,5,62,1,1.2,1,1,0,260,0,0,1,0,0
24,44,18,43,2,0.7,1,1,0,163,1,0,0,0,0
25,36,11,152,2,3.9,1,1,0,159,0,0,0,1,0
26,43,19,29,3,0.5,1,1,0,97,0,0,1,0,0
27,40,16,83,4,0.2,3,0,0,0,0,0,0,0,0
28,46,20,158,1,2.4,1,1,0,0,0,0,1,1,0
29,56,30,48,1,2.2,3,0,0,0,0,0,1,1,0
30,38,13,119,1,3.3,2,0,1,0,0,1,1,1,1
31,59,35,35,1,1.2,3,0,0,122,0,0,1,0,0
32,40,16,29,1,2,2,0,1,0,0,0,1,0,0
33,53,28,41,2,0.6,3,0,0,193,0,0,0,0,0
34,30,6,18,3,0.9,3,0,0,0,0,0,0,0,0
35,31,5,50,4,1.8,3,0,0,0,0,0,1,0,0
36,48,24,81,3,0.7,1,1,0,0,0,0,0,0,0
37,59,35,121,1,2.9,1,1,0,0,0,0,0,1,0
38,51,25,71,1,1.4,3,0,0,198,0,0,0,0,0
39,42,18,141,3,5,3,0,0,0,1,1,1,0,1
40,38,13,80,4,0.7,3,0,0,285,0,0,1,0,0
41,57,32,84,3,1.6,3,0,0,0,1,0,0,0,0
42,34,9,60,3,2.3,1,1,0,0,0,0,0,0,0
43,32,7,132,4,1.1,2,0,1,412,0,0,1,0,1
44,39,15,45,1,0.7,1,1,0,0,0,0,1,0,0
45,46,20,104,1,5.7,1,1,0,0,0,0,1,1,0
46,57,31,52,4,2.5,1,1,0,0,0,0,0,1,0
47,39,14,43,3,0.7,2,0,1,153,0,0,1,0,0
48,37,12,194,4,0.2,3,0,0,211,1,1,1,1,1
49,56,26,81,2,4.5,3,0,0,0,0,0,0,1,0
50,40,16,49,1,1.8,1,1,0,0,0,0,0,1,0
51,32,8,8,4,0.7,2,0,1,0,1,0,1,0,0
52,61,37,131,1,2.9,1,1,0,0,0,0,1,0,0
53,30,6,72,1,0.1,1,1,0,207,0,0,0,0,0
54,50,26,190,3,2.1,3,0,0,240,0,0,1,0,1
55,29,5,44,1,0.2,3,0,0,0,0,0,1,0,0
56,41,17,139,2,8,1,1,0,0,0,0,1,0,0
57,55,30,29,3,0.1,2,0,1,0,1,1,1,0,0
58,56,31,131,2,1.2,3,0,0,0,0,0,0,0,1
59,28,2,93,2,0.2,1,1,0,0,0,0,0,0,0
60,31,5,188,2,4.5,1,1,0,455,0,0,0,0,0
61,49,24,39,3,1.7,2,0,1,0,1,0,1,0,0
62,47,21,125,1,5.7,1,1,0,112,1,0,0,0,0
63,42,18,22,1,1,1,1,0,0,0,0,0,0,0
64,42,17,32,4,0,2,0,1,0,0,0,1,0,0
65,47,23,105,2,3.3,1,1,0,0,0,0,0,0,0
66,59,35,131,1,3.8,1,1,0,0,0,0,1,1,0
67,62,36,105,2,2.8,1,1,0,336,0,0,0,0,0
68,53,23,45,4,2,3,0,0,132,1,0,0,0,0
69,47,21,60,3,2.1,1,1,0,0,0,0,1,1,0
70,53,29,20,4,0.2,1,1,0,0,0,0,1,0,0
71,42,18,115,1,3.5,1,1,0,0,0,0,0,1,0
72,53,29,69,4,1,2,0,1,0,0,0,1,0,0
73,44,20,130,1,5,1,1,0,0,0,0,0,1,0
74,41,16,85,1,4,3,0,0,0,0,0,1,1,0
75,28,3,135,2,3.3,1,1,0,0,0,0,0,1,0
76,31,7,135,4,3.8,2,0,1,0,0,1,1,1,1
77,58,32,12,3,0.3,3,0,0,0,0,0,0,0,0
78,46,20,29,3,0.5,2,0,1,0,0,0,0,0,0
79,54,30,133,2,2.6,3,0,0,0,0,0,0,0,1
80,50,26,19,2,0.4,1,1,0,118,0,0,1,0,0
81,60,36,41,4,1.3,1,1,0,174,0,0,1,1,0
82,47,22,40,3,2.7,2,0,1,0,0,0,1,0,0
83,41,16,82,1,4,3,0,0,0,0,0,1,0,0
84,33,9,50,1,2.4,2,0,1,0,0,0,0,0,0
85,46,22,18,1,0.9,3,0,0,0,0,0,1,0,0
86,27,2,109,4,1.8,3,0,0,0,0,0,0,0,0
87,40,16,42,4,2.2,2,0,1,126,0,0,0,0,0
88,48,22,78,3,1.1,1,1,0,0,0,0,1,0,0
89,65,41,51,2,1.1,1,1,0,0,0,0,1,0,0
90,25,0,113,4,2.3,3,0,0,0,0,0,0,1,0
91,55,30,118,4,5.6,2,0,1,0,0,0,1,0,1
92,35,10,29,4,1.1,3,0,0,0,0,0,1,0,0
93,43,19,34,3,0.6,2,0,1,0,0,0,0,0,0
94,60,34,64,2,1.7,3,0,0,236,1,0,1,0,0
95,65,39,121,1,2,1,1,0,0,0,0,0,0,0
96,38,12,48,4,0.2,3,0,0,0,0,0,1,0,0
97,41,15,80,1,5.2,1,1,0,0,0,0,0,0,0
98,54,28,161,1,2.9,1,1,0,0,0,0,1,0,0
99,49,23,94,1,0.3,1,1,0,0,0,0,1,0,0
100,66,41,15,3,0.1,3,0,0,0,0,0,1,0,0
101,48,23,74,1,1.2,1,1,0,0,0,0,1,0,0
102,61,36,30,3,1.3,2,0,1,0,0,0,0,0,0
103,53,23,44,3,1,3,0,0,198,0,0,1,1,0
104,43,18,22,2,0.3,2,0,1,0,0,0,1,0,0
105,56,32,38,4,1.3,1,1,0,166,0,0,1,1,0
106,24,0,35,3,0.1,2,0,1,0,1,0,1,0,0
107,43,17,69,4,2.9,1,1,0,0,0,0,1,1,0
108,42,18,43,1,0.7,1,1,0,136,0,0,0,0,0
109,33,7,32,1,0.6,3,0,0,166,0,0,1,0,0
110,43,17,49,1,2.8,1,1,0,0,0,0,1,0,0
111,41,14,9,3,1,2,0,1,0,0,0,0,0,0
112,62,38,45,4,1.3,2,0,1,0,0,0,1,0,0
113,40,15,82,3,1,1,1,0,309,0,0,0,0,0
114,58,34,92,2,2.8,1,1,0,103,0,0,0,0,0
115,39,14,39,3,0.5,3,0,0,0,0,0,1,0,0
116,65,40,81,3,1.8,2,0,1,0,0,0,1,0,0
117,54,29,35,1,1.5,2,0,1,0,0,0,1,0,0
118,58,33,61,2,2.3,3,0,0,193,0,0,1,0,0
119,41,16,73,3,3,1,1,0,0,0,0,1,0,0
120,32,7,112,1,4.6,1,1,0,366,0,0,0,0,0
121,54,29,12,2,0.2,3,0,0,0,0,0,1,0,0
122,52,26,38,3,0.9,3,0,0,0,0,0,1,0,0
123,58,32,73,2,0.7,2,0,1,0,0,0,1,1,0
124,37,13,84,1,3.6,2,0,1,0,1,0,0,0,0
125,39,15,78,4,2.4,1,1,0,118,0,0,1,0,0
126,60,35,80,3,0.5,1,1,0,0,0,0,1,0,0
127,31,5,115,2,1.3,1,1,0,101,0,0,1,1,0
128,34,8,82,1,2.7,2,0,1,251,0,0,1,0,0
129,38,14,74,2,0,1,1,0,0,1,0,1,0,0
130,41,16,70,3,0.5,3,0,0,0,0,0,0,1,0
131,28,4,81,3,1.5,1,1,0,276,0,0,1,0,0
132,58,34,149,4,7.2,2,0,1,0,0,1,1,1,1
133,31,1,51,2,1.75,3,0,0,0,0,0,0,0,0
134,30,4,39,3,1.1,2,0,1,0,0,0,1,0,0
135,53,29,98,3,1.8,2,0,1,0,0,0,0,0,0
136,58,33,45,4,2.1,1,1,0,0,0,0,1,1,0
137,59,32,49,4,2.5,2,0,1,0,0,0,1,0,0
138,49,25,128,2,0.4,1,1,0,0,0,0,0,0,0
139,59,34,42,3,1.5,1,1,0,0,1,1,0,1,0
140,59,35,18,1,1.2,3,0,0,0,0,0,1,0,0
141,51,25,31,2,0.4,3,0,0,161,0,0,1,1,0
142,35,11,58,3,2,1,1,0,149,0,0,1,1,0
143,33,9,48,1,2.1,3,0,0,0,0,0,0,1,0
144,25,1,54,4,1.6,1,1,0,0,0,0,1,1,0
145,49,23,70,2,1.5,2,0,1,0,0,0,0,0,0
146,59,35,124,1,7.4,1,1,0,0,0,0,0,1,0
147,46,19,84,1,2.67,2,0,1,0,0,0,1,1,0
148,50,25,83,4,3.6,3,0,0,188,0,0,1,0,0
149,52,28,163,2,0.4,1,1,0,116,0,0,1,0,0
150,48,22,42,3,2.2,2,0,1,0,0,0,0,0,0
151,46,22,118,2,7.5,1,1,0,0,0,1,1,1,0
152,26,0,132,3,6.5,3,0,0,0,0,0,0,1,1
153,57,32,24,1,1.3,1,1,0,0,0,0,1,1,0
154,60,36,22,2,1,1,1,0,0,1,1,1,1,0
155,54,29,58,4,1.3,3,0,0,0,0,0,0,0,0
156,24,0,60,4,1.6,1,1,0,0,0,0,1,0,0
157,26,0,15,4,0.4,1,1,0,0,0,0,0,1,0
158,41,17,83,4,2.67,1,1,0,0,0,0,1,1,0
159,32,6,79,2,1.5,3,0,0,0,0,0,1,1,0
160,61,35,41,4,1.7,2,0,1,0,1,0,1,0,0
161,29,0,134,4,6.5,3,0,0,0,0,0,0,0,1
162,61,35,80,2,2.8,1,1,0,0,0,0,1,0,0
163,38,12,52,1,2,1,1,0,0,0,0,0,0,0
164,28,4,70,4,2.6,1,1,0,0,0,0,1,0,0
165,53,27,92,2,1.1,1,1,0,0,1,0,0,0,0
166,27,1,43,1,1.5,1,1,0,0,0,0,1,0,0
167,25,1,21,3,1,2,0,1,0,0,0,0,0,0
168,33,9,23,3,0.9,3,0,0,0,0,0,1,1,0
169,50,26,13,4,1,1,1,0,0,0,0,1,0,0
170,27,1,112,4,2.1,3,0,0,0,0,0,0,1,0
171,27,1,138,2,2,1,1,0,0,0,0,1,0,0
172,52,28,11,3,0.4,1,1,0,0,1,0,0,0,0
173,38,13,171,2,7.8,1,1,0,0,0,0,1,0,0
174,58,34,42,4,1.5,1,1,0,0,0,0,1,1,0
175,42,17,168,2,7.9,2,0,1,0,0,0,1,0,1
176,45,20,85,4,1.1,2,0,1,0,1,0,1,0,0
177,52,25,44,3,1,2,0,1,135,0,0,1,0,0
178,29,3,65,4,1.8,2,0,1,244,0,0,0,0,0
179,53,29,24,4,0.2,1,1,0,0,0,0,1,1,0
180,62,37,11,1,0.1,1,1,0,0,0,0,1,0,0
181,51,27,38,2,1,3,0,0,164,0,0,1,0,0
182,36,12,10,4,0.7,2,0,1,81,0,0,0,0,0
183,24,0,135,1,1.5,1,1,0,0,0,0,1,0,0
184,29,3,148,3,4.1,1,1,0,0,0,0,1,0,1
185,52,26,63,2,1.5,2,0,1,0,1,0,1,0,0
186,39,14,115,1,1,3,0,0,0,0,0,1,0,0
187,48,23,45,1,0.3,1,1,0,0,0,0,1,1,0
188,46,21,159,3,1.9,3,0,0,315,0,0,1,0,1
189,64,40,169,2,2.1,1,1,0,122,0,0,1,0,0
190,55,29,112,2,1.4,1,1,0,0,0,0,1,0,0
191,60,36,93,1,4.3,1,1,0,0,0,0,1,0,0
192,51,25,29,1,0.3,3,0,0,140,0,0,0,0,0
193,50,23,85,1,2.67,2,0,1,0,0,0,1,0,0
194,48,24,21,4,0.6,1,1,0,0,0,0,1,1,0
195,53,29,144,2,6.8,1,1,0,0,0,0,1,0,0
196,34,10,13,4,1,1,1,0,95,1,0,1,0,0
197,48,24,165,1,5,1,1,0,0,0,0,0,1,0
198,55,31,9,4,0.7,1,1,0,89,0,0,1,0,0
199,27,3,59,4,0,1,1,0,90,1,0,1,0,0
200,36,11,158,1,5.1,3,0,0,0,0,1,1,1,1
201,32,6,29,1,1.9,3,0,0,0,0,0,1,1,0
202,35,9,20,2,1.4,3,0,0,0,0,0,1,1,0
203,30,3,68,4,2,2,0,1,0,0,0,1,0,0
204,58,34,65,4,2.2,1,1,0,0,0,0,1,0,0
205,56,31,61,2,1.9,2,0,1,105,0,0,0,0,0
206,38,12,91,4,1.4,2,0,1,100,0,0,0,1,0
207,49,25,31,1,1,1,1,0,0,1,0,1,0,0
208,34,10,71,4,0.1,2,0,1,0,0,0,0,0,0
209,40,16,73,4,2.67,1,1,0,0,0,0,1,1,0
210,64,39,172,4,3.1,1,1,0,282,0,1,1,1,1
211,51,26,20,2,0,1,1,0,0,0,0,0,0,0
212,44,18,55,1,0.2,1,1,0,0,0,0,0,0,0
213,46,22,69,2,1.7,1,1,0,209,0,0,0,0,0
214,57,33,155,1,7.4,1,1,0,0,0,0,1,0,0
215,54,28,94,1,1.9,2,0,1,0,0,0,0,0,0
216,38,14,92,2,0,1,1,0,249,0,0,1,1,0
217,27,3,125,2,0.6,1,1,0,0,0,0,0,0,0
218,39,14,74,3,3,1,1,0,0,0,0,0,0,0
219,44,20,72,3,0.3,3,0,0,0,0,0,1,0,0
220,56,30,61,1,2.2,3,0,0,0,0,0,1,1,0
221,32,6,25,2,0.3,1,1,0,0,0,0,0,1,0
222,45,19,83,2,1.7,2,0,1,0,0,0,1,0,0
223,26,2,104,3,2.5,1,1,0,0,0,0,0,0,0
224,55,25,41,3,1,3,0,0,0,0,0,1,0,0
225,52,27,58,4,1.8,3,0,0,91,0,0,0,0,0
226,39,13,93,1,1.5,3,0,0,0,0,0,0,1,0
227,24,0,39,2,1.7,2,0,1,0,0,0,0,0,0
228,47,23,148,2,7.5,1,1,0,0,0,1,1,1,0
229,47,22,53,4,1.9,3,0,0,98,1,1,0,1,0
230,48,24,71,2,1.7,1,1,0,145,0,0,0,1,0
231,47,22,92,1,2.8,2,0,1,0,0,0,1,0,0
232,35,10,61,4,2.1,3,0,0,0,0,0,1,0,0
233,46,19,38,3,2.5,2,0,1,135,0,0,0,0,0
234,62,37,58,4,1.7,1,1,0,0,0,0,1,0,0
235,26,1,80,1,0.8,2,0,1,150,0,0,0,0,0
236,38,8,71,4,1.8,3,0,0,0,0,0,1,0,0
237,43,18,89,3,0.5,3,0,0,0,0,0,1,1,0
238,62,38,83,1,1.8,3,0,0,0,0,0,1,0,0
239,57,32,28,3,0.2,1,1,0,0,0,0,1,1,0
240,28,3,52,4,1.7,2,0,1,0,0,0,0,0,0
241,51,26,70,1,1.2,1,1,0,169,0,0,0,0,0
242,48,22,71,1,1.4,3,0,0,0,0,0,0,1,0
243,41,16,75,1,3.7,3,0,0,280,0,0,0,0,0
244,65,39,170,3,7.9,3,0,0,99,0,1,1,0,1
245,41,17,78,4,0.8,1,1,0,78,0,0,1,0,0
246,35,11,25,2,1,2,0,1,0,0,0,0,0,0
247,38,14,60,2,0.6,3,0,0,0,0,0,1,1,0
248,53,29,120,4,2.7,2,0,1,111,1,1,1,0,1
249,55,29,99,2,1.4,1,1,0,264,0,0,1,1,0
250,26,1,55,3,2.6,3,0,0,113,0,0,0,1,0
251,30,6,29,3,1,2,0,1,117,0,0,0,0,0
252,54,28,170,2,6.2,2,0,1,325,0,0,1,0,1
253,65,40,53,3,2.2,1,1,0,0,0,0,0,1,0
254,47,21,138,1,0,1,1,0,0,0,0,0,0,0
255,65,41,134,3,3.9,3,0,0,121,0,0,1,0,1
256,66,40,42,2,0.7,3,0,0,138,0,0,0,1,0
257,26,0,99,4,2.3,3,0,0,0,0,0,0,1,0
258,66,41,18,3,0.5,1,1,0,0,0,0,0,1,0
259,35,9,24,4,0.3,1,1,0,0,0,0,1,0,0
260,56,30,55,1,1.4,1,1,0,77,0,0,1,0,0
261,51,27,58,1,0,1,1,0,0,0,0,0,1,0
262,42,16,111,2,1.2,3,0,0,251,0,0,1,0,1
263,49,23,33,1,0.3,3,0,0,0,0,1,1,1,0
264,27,1,74,4,1.8,2,0,1,112,0,0,1,1,0
265,45,19,38,2,0.7,1,1,0,0,0,0,0,0,0
266,49,23,23,4,0.6,3,0,0,98,1,0,0,0,0
267,63,38,61,2,1.5,1,1,0,0,0,0,1,0,0
268,47,22,81,1,2.9,1,1,0,138,0,0,0,0,0
269,64,39,129,1,2.5,1,1,0,0,0,0,1,0,0
270,43,13,33,1,0.75,3,0,0,0,0,0,0,0,0
271,60,36,63,4,2.2,1,1,0,0,0,0,1,0,0
272,40,14,70,4,1.4,2,0,1,0,0,0,1,0,0
273,29,3,45,4,0.2,1,1,0,158,0,0,1,1,0
274,41,16,65,3,0.5,3,0,0,0,0,0,1,0,0
275,30,5,74,4,2.2,1,1,0,0,1,0,0,1,0
276,49,24,50,4,1.8,3,0,0,0,1,0,0,0,0
277,30,5,22,4,0.5,3,0,0,109,0,0,1,0,0
278,29,2,30,4,1,3,0,0,0,0,0,0,0,0
279,50,26,21,4,1,1,1,0,0,0,0,1,0,0
280,39,14,155,2,3.9,1,1,0,0,0,0,1,0,0
281,33,8,64,4,2.1,3,0,0,164,0,0,1,0,0
282,57,31,65,4,2.6,3,0,0,0,0,0,0,1,0
283,34,9,71,4,0.7,3,0,0,0,0,0,1,0,0
284,61,36,40,3,0.5,2,0,1,0,1,0,1,0,0
285,44,19,69,3,0.5,3,0,0,0,0,0,1,0,0
286,40,13,69,3,2.33,2,0,1,0,0,0,0,0,0
287,51,25,45,3,0.6,2,0,1,131,0,0,1,0,0
288,37,12,62,3,0.7,2,0,1,0,0,0,0,1,0
289,44,19,172,2,4.3,3,0,0,391,1,1,1,0,1
290,42,15,24,3,1,2,0,1,0,0,0,1,1,0
291,51,25,80,1,4.9,1,1,0,0,0,0,0,0,0
292,43,16,8,3,0.67,2,0,1,88,0,0,1,0,0
293,30,5,38,4,0.8,1,1,0,129,0,0,1,1,0
294,45,19,93,4,2.6,3,0,0,0,0,0,0,0,0
295,35,9,55,1,2,1,1,0,0,0,0,1,0,0
296,60,34,64,2,1.7,3,0,0,0,0,0,0,1,0
297,34,9,122,1,0,1,1,0,0,0,0,1,0,0
298,55,25,70,3,1.4,3,0,0,0,0,0,1,0,0
299,43,19,81,2,3.2,1,1,0,0,0,0,0,0,0
300,41,15,159,1,5.5,3,0,0,0,0,1,1,0,1
301,34,9,70,4,1.3,1,1,0,0,1,0,0,0,0
302,65,39,150,2,6.9,1,1,0,196,0,0,0,0,0
303,45,21,152,2,7.5,1,1,0,0,0,0,1,0,0
304,49,25,195,4,3,1,1,0,617,0,0,0,0,1
305,48,23,22,1,0.1,1,1,0,0,0,0,0,0,0
306,60,35,22,1,1.3,1,1,0,123,0,0,1,0,0
307,55,29,79,3,0.8,1,1,0,0,0,0,1,1,0
308,42,18,33,1,1.4,3,0,0,0,0,0,1,0,0
309,32,8,128,2,4.33,1,1,0,0,0,1,1,1,0
310,62,38,91,1,3.8,1,1,0,0,1,0,1,0,0
311,57,32,39,4,0.9,1,1,0,0,0,0,1,1,0
312,52,26,121,1,7.3,1,1,0,167,0,0,1,0,0
313,36,6,21,1,0.67,3,0,0,0,1,0,1,0,0
314,34,9,41,3,2.3,1,1,0,0,0,0,0,1,0
315,63,37,45,2,0.7,3,0,0,0,0,0,1,0,0
316,24,0,51,3,0.3,3,0,0,0,0,0,1,0,0
317,57,31,165,1,1.6,2,0,1,0,0,0,1,0,1
318,40,16,119,2,4.2,2,0,1,0,0,0,1,0,1
319,27,2,110,4,1.8,3,0,0,190,0,0,1,0,0
320,65,39,20,3,0.7,2,0,1,0,0,0,0,1,0
321,60,34,64,1,0.8,2,0,1,248,0,0,0,0,0
322,44,20,101,3,4.4,2,0,1,82,0,0,0,0,1
323,63,39,101,1,3.9,1,1,0,0,1,1,1,0,1
324,59,34,99,1,4.4,1,1,0,0,0,0,0,0,1
325,56,30,158,4,6.1,1,1,0,0,0,0,0,0,1
326,54,28,89,1,1.9,2,0,1,0,0,0,1,1,0
327,52,27,80,1,1.3,3,0,0,0,0,1,1,1,0
328,58,32,114,2,2,1,1,0,402,0,0,1,0,0
329,60,35,49,3,0.5,2,0,1,0,0,0,1,1,0
330,28,4,191,1,6.33,1,1,0,0,0,0,1,0,0
331,54,30,78,4,1,2,0,1,0,0,0,1,0,0
332,32,6,28,3,1,1,1,0,0,0,0,0,0,0
333,59,33,42,1,0.8,2,0,1,0,0,0,1,0,0
334,63,38,140,1,2.5,1,1,0,0,0,0,0,0,0
335,48,23,45,1,1.3,2,0,1,0,0,0,1,0,0
336,56,32,122,2,0.3,1,1,0,360,0,1,1,1,0
337,36,12,65,3,2.6,2,0,1,0,0,0,1,0,0
338,57,27,68,1,1.4,3,0,0,0,0,0,1,0,0
339,29,3,153,2,2,1,1,0,392,0,0,0,0,0
340,39,13,89,4,1.4,2,0,1,0,0,0,0,0,0
341,59,34,91,1,2.6,1,1,0,0,0,0,1,1,0
342,31,6,55,4,2,2,0,1,185,0,0,1,0,0
343,43,19,118,2,3.3,1,1,0,0,0,0,0,1,0
344,35,5,22,1,0.67,3,0,0,103,0,0,0,0,0
345,54,24,63,3,1.4,3,0,0,138,0,0,1,1,0
346,51,27,12,4,0.5,2,0,1,78,1,0,1,0,0
347,44,19,50,3,2.7,2,0,1,0,0,0,1,0,0
348,25,0,43,2,1.6,3,0,0,0,1,1,1,1,0
349,40,15,173,4,6.6,1,1,0,0,0,1,1,1,1
350,26,2,60,2,3,1,1,0,132,0,0,0,0,1
351,39,14,113,1,1,3,0,0,0,1,0,1,0,0
352,28,4,155,4,5.3,2,0,1,0,0,0,1,0,1
353,52,28,91,4,1,2,0,1,0,0,0,0,1,0
354,53,29,55,4,1.1,2,0,1,0,0,0,1,0,0
355,44,20,173,2,1.4,1,1,0,419,0,0,1,0,0
356,43,19,71,3,0.3,3,0,0,0,0,0,0,1,0
357,56,30,24,2,0.4,3,0,0,88,0,0,0,0,0
358,38,14,42,1,2,2,0,1,81,0,0,1,0,0
359,30,6,141,2,4.33,1,1,0,0,0,0,1,0,0
360,32,6,32,1,1.9,3,0,0,0,0,0,1,0,0
361,35,10,55,4,1.3,1,1,0,0,0,0,0,0,0
362,43,19,153,2,7.5,1,1,0,0,0,0,1,0,0
363,58,32,113,2,1.4,1,1,0,270,0,0,0,1,0
364,25,0,30,2,1.7,2,0,1,0,0,0,0,0,0
365,54,24,29,3,1,3,0,0,148,0,0,0,1,0
366,57,32,174,1,6.8,2,0,1,466,0,0,1,0,1
367,50,24,35,1,0.3,3,0,0,0,0,0,1,0,0
368,32,8,98,2,2,2,0,1,175,0,0,1,0,0
369,63,37,30,2,1,3,0,0,159,0,0,1,0,0
370,31,6,58,2,2.5,1,1,0,0,0,0,0,1,0
371,36,12,25,4,1,1,1,0,147,0,0,0,0,0
372,58,34,19,4,0.7,1,1,0,0,0,0,0,0,0
373,56,30,44,4,0.7,2,0,1,174,0,0,1,0,0
374,49,25,20,4,1,1,1,0,111,0,0,1,1,0
375,30,5,98,2,3.1,1,1,0,220,0,0,1,0,0
376,33,7,90,3,1.6,1,1,0,0,0,0,1,0,0
377,45,21,61,3,0.7,1,1,0,0,0,0,0,0,0
378,30,5,40,4,2,2,0,1,0,0,0,1,0,0
379,47,23,38,2,2.1,3,0,0,0,0,0,0,0,0
380,25,0,28,2,1.7,2,0,1,0,0,0,0,0,0
381,63,33,34,1,1.5,3,0,0,0,0,0,1,1,0
382,55,29,73,2,2.3,3,0,0,0,0,0,1,1,0
383,65,41,133,4,2,1,1,0,0,0,0,0,1,1
384,44,18,53,1,0.2,1,1,0,0,0,0,1,0,0
385,51,25,21,4,0.6,3,0,0,0,0,0,1,1,0
386,35,9,40,3,0.9,1,1,0,0,0,0,1,0,0
387,30,5,41,4,1.7,2,0,1,0,0,0,1,0,0
388,31,5,82,4,1.8,2,0,1,0,0,0,1,0,0
389,54,30,100,4,3.4,3,0,0,0,0,0,0,0,1
390,45,20,155,1,7,1,1,0,0,0,0,1,1,0
391,45,19,45,1,0.2,1,1,0,0,0,0,1,0,0
392,58,32,9,3,0.3,3,0,0,0,0,0,0,1,0
393,54,29,48,4,1.8,3,0,0,0,0,0,1,0,0
394,53,28,18,4,0.1,3,0,0,109,1,1,1,1,0
395,33,9,80,4,3.4,1,1,0,0,0,0,1,1,0
396,60,35,64,2,2.8,1,1,0,0,0,0,0,0,0
397,50,24,29,4,0.1,1,1,0,0,0,0,0,0,0
398,26,2,48,3,0.7,2,0,1,0,0,0,1,0,0
399,54,30,23,2,0.4,1,1,0,0,0,0,0,0,0
400,28,3,84,4,0.2,1,1,0,0,0,0,1,1,0
401,36,10,179,3,6.6,1,1,0,0,0,0,1,0,1
402,29,2,30,4,1.5,2,0,1,112,0,0,0,1,0
403,54,28,93,1,4.9,1,1,0,133,0,1,1,1,0
404,55,30,39,2,1.9,2,0,1,0,0,0,0,0,0
405,61,36,60,3,0.5,2,0,1,182,0,0,0,0,0
406,36,11,133,1,3.8,1,1,0,290,1,1,1,1,0
407,45,19,125,1,2.4,1,1,0,0,0,0,0,0,0
408,64,40,58,1,1.8,3,0,0,0,0,0,1,0,0
409,60,36,89,2,2.8,1,1,0,0,0,0,1,0,0
410,49,22,82,1,2.67,2,0,1,125,0,0,1,0,0
411,47,23,110,2,3.3,1,1,0,0,0,0,1,1,0
412,60,36,54,4,2.3,3,0,0,0,1,0,0,0,0
413,45,20,89,4,1.9,3,0,0,0,0,0,1,0,0
414,32,7,42,3,2.3,1,1,0,0,0,0,1,0,0
415,52,28,41,3,1.9,2,0,1,0,0,0,0,1,0
416,35,8,38,4,1,2,0,1,124,0,0,1,0,0
417,40,15,85,2,0.4,1,1,0,0,0,0,1,0,0
418,53,29,83,4,1,2,0,1,0,0,0,1,0,0
419,27,0,33,4,1,3,0,0,0,0,0,0,0,0
420,58,33,50,4,2.1,1,1,0,0,0,0,0,1,0
421,47,22,58,4,3.6,3,0,0,0,0,0,1,1,0
422,28,3,115,4,3.1,2,0,1,0,0,0,0,0,1
423,46,20,145,2,6.3,1,1,0,0,1,1,1,0,0
424,43,19,161,2,7.5,1,1,0,0,0,0,0,0,0
425,56,30,38,1,0.2,1,1,0,0,0,0,0,0,0
426,28,3,28,4,0.8,1,1,0,0,0,0,1,0,0
427,42,18,75,3,2.33,1,1,0,0,0,0,0,1,0
428,32,7,35,3,1.3,1,1,0,116,0,0,0,1,0
429,62,38,24,2,1,1,1,0,116,0,0,0,1,0
430,37,13,78,4,0.1,2,0,1,0,0,0,1,0,0
431,51,26,113,1,1.3,3,0,0,161,0,0,1,0,0
432,39,13,75,3,2.1,1,1,0,224,0,0,1,0,0
433,43,17,91,1,5.7,1,1,0,0,0,0,1,0,0
434,52,28,31,4,0.2,1,1,0,141,0,0,1,1,0
435,30,6,45,1,1.8,2,0,1,0,0,0,1,0,0
436,52,26,80,3,0.8,1,1,0,0,0,0,0,0,0
437,61,35,50,3,1.4,3,0,0,112,0,0,1,0,0
438,36,9,31,4,1,2,0,1,0,1,0,1,0,0
439,58,32,113,2,3.8,2,0,1,119,0,1,1,1,1
440,47,23,29,4,0.6,1,1,0,0,0,0,1,0,0
441,64,39,59,2,1.5,1,1,0,139,0,0,1,0,0
442,52,27,43,1,1.3,2,0,1,0,1,0,1,0,0
443,58,28,122,1,3,3,0,0,115,0,0,1,0,1
444,48,24,29,1,1,1,1,0,0,0,0,0,0,0
445,64,40,91,2,0,3,0,0,0,0,0,1,1,0
446,58,32,65,3,2.2,3,0,0,0,0,0,1,0,0
447,47,23,22,1,1,1,1,0,0,0,0,0,1,0
448,49,23,71,1,1.4,3,0,0,0,0,0,0,0,0
449,31,4,60,4,2,2,0,1,0,0,0,1,1,0
450,61,37,60,3,2,3,0,0,0,0,0,1,0,0
451,51,25,69,1,0.3,1,1,0,0,0,0,1,1,0
452,28,0,48,2,1.75,3,0,0,89,0,0,1,0,0
453,39,13,21,3,0.2,2,0,1,0,0,0,0,0,0
454,54,28,53,4,2.8,2,0,1,0,1,0,0,0,0
455,50,24,29,3,0.9,3,0,0,0,0,0,0,0,0
456,30,4,60,4,2.2,2,0,1,0,0,0,1,0,0
457,64,39,42,3,0.5,2,0,1,116,0,0,1,0,0
458,29,3,69,3,0.3,3,0,0,0,0,0,0,0,0
459,48,24,20,1,1,1,1,0,0,0,0,1,1,0
460,35,10,200,2,3,1,1,0,458,0,0,0,0,0
461,60,36,141,2,2.1,1,1,0,0,0,0,1,1,0
462,55,30,81,2,3.7,1,1,0,0,1,0,0,0,0
463,29,4,183,3,8.3,3,0,0,0,0,0,1,0,1
464,48,22,149,2,5.5,2,0,1,0,1,1,1,0,1
465,43,19,83,4,3.6,3,0,0,0,0,0,0,1,1
466,66,42,35,1,1.9,2,0,1,172,0,0,1,0,0
467,25,0,13,2,0.9,3,0,0,0,0,0,1,0,0
468,45,20,39,1,2.4,1,1,0,0,0,0,0,1,0
469,34,10,21,1,0.5,3,0,0,0,0,0,1,0,0
470,48,23,10,2,0.7,3,0,0,0,0,0,1,1,0
471,32,6,84,4,1.8,2,0,1,0,0,0,0,0,0
472,50,24,30,4,0.1,1,1,0,161,0,0,1,1,0
473,43,19,31,4,0.3,1,1,0,156,0,0,1,0,0
474,64,39,182,1,1.2,2,0,1,547,0,0,1,0,1
475,60,34,114,2,6.9,1,1,0,0,0,0,1,0,0
476,43,19,152,3,6.1,2,0,1,0,0,0,0,0,1
477,60,34,53,1,0.8,2,0,1,0,1,0,0,1,0
478,64,39,24,4,0.4,2,0,1,78,0,0,1,0,0
479,44,20,150,2,3.3,1,1,0,0,0,0,0,1,0
480,60,36,132,2,6,1,1,0,470,0,0,1,1,0
481,54,29,68,3,1.6,3,0,0,0,0,0,1,1,0
482,33,9,53,1,1.2,1,1,0,0,0,0,0,1,0
483,56,32,173,1,4.6,2,0,1,88,0,1,1,0,1
484,29,5,30,3,1,2,0,1,0,0,0,0,0,0
485,25,1,113,2,0.2,1,1,0,0,0,0,1,1,0
486,60,34,15,1,0.8,2,0,1,0,0,0,1,0,0
487,55,30,84,2,3.7,1,1,0,304,1,0,1,0,0
488,39,13,88,4,1.4,2,0,1,0,0,0,1,1,0
489,37,13,43,3,2.8,1,1,0,0,0,0,1,0,0
490,53,28,43,2,2.1,3,0,0,0,0,1,1,1,0
491,34,10,90,2,2.7,1,1,0,0,0,0,1,0,0
492,42,18,34,4,0.3,1,1,0,104,1,0,1,0,0
493,60,36,38,4,1.3,1,1,0,0,0,0,1,0,0
494,50,24,173,1,1,1,1,0,0,0,0,1,1,0
495,41,17,160,2,8,1,1,0,0,0,0,1,0,0
496,25,0,44,4,0.6,2,0,1,0,0,0,1,1,0
497,50,24,83,2,0.4,3,0,0,0,0,0,1,0,0
498,48,22,94,4,2.6,3,0,0,0,0,0,1,0,0
499,32,8,43,1,2.1,3,0,0,0,0,0,0,1,0
500,50,25,42,3,1.7,2,0,1,0,0,0,1,0,0
501,59,33,34,2,0.3,1,1,0,0,0,0,0,0,0
502,50,26,39,3,1.9,2,0,1,0,0,0,1,0,0
503,44,19,70,1,0.1,2,0,1,0,0,0,0,0,0
504,31,5,39,4,1.8,3,0,0,185,0,0,0,1,0
505,40,10,44,3,2,3,0,0,0,0,0,1,0,0
506,36,12,69,3,3.1,2,0,1,0,0,0,1,0,1
507,51,25,44,3,0.9,3,0,0,0,0,0,0,0,0
508,64,40,32,3,0.1,3,0,0,0,0,0,1,0,0
509,47,22,15,2,0.7,3,0,0,0,0,0,0,0,0
510,52,28,118,2,6.8,1,1,0,112,0,0,1,0,0
511,51,26,62,1,1.3,2,0,1,221,0,0,1,0,0
512,31,5,82,4,2.2,2,0,1,0,0,0,0,0,0
513,39,14,54,3,3,1,1,0,108,0,0,0,1,0
514,30,6,48,1,2.1,3,0,0,0,0,0,0,0,0
515,27,1,74,3,0.3,3,0,0,0,0,0,1,0,0
516,41,16,113,1,1,3,0,0,211,0,0,0,1,0
517,53,27,81,3,1.7,2,0,1,0,0,0,0,0,0
518,54,27,43,3,1,2,0,1,169,0,0,0,0,0
519,28,4,34,1,1.8,2,0,1,0,0,0,1,0,0
520,34,9,48,1,2.5,3,0,0,105,0,0,1,0,0
521,61,37,54,4,1.2,2,0,1,129,0,0,1,1,0
522,48,24,75,4,1.4,2,0,1,0,0,0,1,0,0
523,36,11,72,1,2.8,1,1,0,224,0,0,0,0,0
524,56,31,39,4,0.9,1,1,0,0,0,0,0,0,0
525,24,0,75,4,0.2,1,1,0,0,0,0,1,0,0
526,64,38,79,2,2.8,1,1,0,179,0,0,0,0,0
527,26,2,205,1,6.33,1,1,0,271,0,0,0,1,0
528,33,8,65,2,0.1,1,1,0,89,0,0,1,0,0
529,64,39,122,4,0.2,1,1,0,378,0,0,1,0,1
530,39,15,82,1,0.8,2,0,1,0,0,0,1,0,0
531,54,30,21,2,0.2,1,1,0,0,0,0,0,1,0
532,32,6,50,4,2.1,3,0,0,0,1,1,1,1,0
533,62,37,39,2,2.8,1,1,0,113,0,1,1,1,0
534,27,2,101,1,1.9,1,1,0,0,0,0,0,0,0
535,53,28,41,2,0.6,3,0,0,0,1,0,0,0,0
536,51,25,132,1,0.3,1,1,0,0,0,0,1,0,0
537,25,0,43,3,2.4,2,0,1,176,0,0,1,0,0
538,44,20,131,1,4.9,3,0,0,0,0,0,1,0,1
539,31,5,11,1,0.4,2,0,1,76,0,0,0,1,0
540,57,32,21,1,0.3,3,0,0,117,0,0,0,0,0
541,25,0,109,4,2.3,3,0,0,314,0,0,1,0,0
542,30,6,141,2,4.33,1,1,0,0,0,0,0,0,0
543,40,14,81,3,0.1,1,1,0,0,0,0,1,0,0
544,63,38,54,3,2.4,1,1,0,90,0,0,0,1,0
545,35,10,164,2,7.8,1,1,0,0,0,0,1,0,0
546,43,19,28,4,0.3,1,1,0,87,0,0,0,0,0
547,27,2,68,3,2.6,3,0,0,203,1,0,0,0,0
548,44,14,44,3,2,3,0,0,180,1,1,1,1,0
549,49,23,61,1,1.4,3,0,0,0,0,0,1,1,0
550,61,36,35,3,1.3,2,0,1,0,0,0,0,1,0
551,60,34,54,3,0.3,2,0,1,0,0,0,1,1,0
552,59,34,14,1,0.1,1,1,0,0,0,0,1,1,0
553,28,3,52,4,2.2,1,1,0,230,0,0,1,0,0
554,52,28,101,2,0.3,1,1,0,0,0,0,0,0,0
555,28,2,149,2,7.2,1,1,0,0,0,0,1,0,0
556,34,8,35,4,0.8,1,1,0,137,0,1,1,1,0
557,60,34,21,3,0.3,3,0,0,129,0,0,1,0,0
558,39,15,118,2,1.9,1,1,0,0,0,0,0,1,0
559,30,5,38,4,2,2,0,1,0,1,0,0,0,0
560,49,25,24,4,0.2,1,1,0,138,0,0,1,0,0
561,43,18,59,1,3.7,3,0,0,0,0,0,1,0,0
562,63,33,41,4,1.67,3,0,0,0,0,0,1,0,0
563,28,3,85,1,0.8,2,0,1,0,0,0,1,1,0
564,51,27,12,4,1,1,1,0,0,0,0,1,0,0
565,33,7,32,1,0.6,3,0,0,152,0,0,0,0,0
566,55,29,79,3,0.8,1,1,0,0,0,0,1,0,0
567,53,28,175,3,3.6,3,0,0,0,0,1,1,1,1
568,34,8,28,3,0.9,1,1,0,0,0,0,0,0,0
569,34,9,41,2,0.1,1,1,0,161,0,0,1,1,0
570,40,14,70,3,2.1,1,1,0,185,0,0,0,0,0
571,49,25,161,3,6.5,2,0,1,485,1,1,0,0,1
572,35,9,53,4,2.2,2,0,1,0,0,0,1,0,0
573,39,15,128,1,3.4,1,1,0,0,0,0,0,0,0
574,55,28,50,3,1,2,0,1,0,0,0,1,1,0
575,29,5,80,2,2,2,0,1,0,0,0,1,1,0
576,54,30,93,1,2.7,2,0,1,0,0,0,1,0,0
577,25,0,48,3,0.3,3,0,0,0,0,0,0,1,0
578,52,28,149,2,6.8,1,1,0,0,0,0,1,0,0
579,46,19,49,3,2.5,2,0,1,0,0,0,1,1,0
580,57,33,88,1,2.7,2,0,1,0,0,0,1,0,0
581,52,22,22,4,0.4,3,0,0,0,0,0,1,1,0
582,28,3,55,4,2.2,1,1,0,0,0,0,1,1,0
583,44,18,72,1,0.7,3,0,0,155,0,0,0,0,0
584,24,0,38,2,1.7,2,0,1,0,0,0,1,0,0
585,40,16,114,1,3.4,1,1,0,300,0,0,1,0,0
586,34,4,83,4,4,3,0,0,0,0,0,1,0,0
587,39,14,101,2,0.4,1,1,0,0,0,0,1,1,0
588,50,24,94,1,4.9,1,1,0,272,0,0,1,0,0
589,41,17,40,2,2.5,1,1,0,0,0,1,1,1,0
590,31,7,128,1,6,1,1,0,0,0,0,0,0,0
591,29,3,39,4,2.1,3,0,0,0,0,0,1,0,0
592,30,5,51,1,1,1,1,0,0,0,0,1,0,0
593,44,20,79,4,2,3,0,0,0,1,1,1,1,0
594,33,7,48,4,2.2,2,0,1,0,0,0,1,0,0
595,50,26,85,1,0,1,1,0,144,0,0,0,0,0
596,42,18,41,1,1.8,1,1,0,94,0,0,1,0,0
597,48,22,152,1,3.5,3,0,0,0,0,0,1,0,1
598,24,0,125,2,7.2,1,1,0,0,1,0,0,1,0
599,56,31,11,2,0.2,3,0,0,90,0,0,0,0,0
600,28,4,103,2,2.5,1,1,0,0,0,0,1,1,0
601,56,30,141,2,0.5,1,1,0,0,0,0,1,0,0
602,58,32,38,1,1.4,1,1,0,0,0,0,1,1,0
603,29,5,135,2,0.6,1,1,0,0,0,0,0,0,0
604,63,38,28,2,0.5,2,0,1,89,0,0,1,0,0
605,28,3,70,4,2.2,1,1,0,240,0,0,0,1,0
606,57,31,41,1,0.2,1,1,0,0,0,0,1,1,0
607,34,8,81,3,0.9,2,0,1,208,0,0,1,0,0
608,28,3,170,1,0.1,3,0,0,0,0,0,0,0,1
609,27,2,55,4,1.7,2,0,1,0,0,0,1,0,0
610,37,11,24,4,1.5,3,0,0,0,0,0,0,0,0
611,52,28,81,3,1.8,2,0,1,275,0,0,0,0,0
612,49,23,32,4,1.8,1,1,0,83,0,0,0,0,0
613,65,40,129,1,1.3,1,1,0,0,0,0,1,1,0
614,60,35,108,1,0.9,1,1,0,0,1,0,0,0,0
615,37,12,180,1,8.6,1,1,0,0,0,0,1,1,0
616,63,37,139,2,6.9,1,1,0,0,0,0,0,0,0
617,40,14,33,2,1.4,3,0,0,0,0,0,1,1,0
618,46,20,74,4,2.6,3,0,0,0,0,0,1,0,0
619,63,37,42,2,0.7,3,0,0,115,0,0,1,0,0
620,57,27,73,1,3,3,0,0,0,0,0,0,0,0
621,33,8,115,4,2.9,2,0,1,0,0,0,1,0,1
622,41,17,114,2,1.8,2,0,1,0,0,0,1,0,0
623,41,17,92,2,1.9,1,1,0,131,0,0,1,0,0
624,44,19,34,1,0.3,3,0,0,78,0,0,1,0,0
625,33,6,54,2,1.67,2,0,1,122,0,0,1,0,0
626,52,28,64,2,1,3,0,0,211,0,0,1,0,0
627,30,6,42,1,0.2,3,0,0,100,0,0,0,1,0
628,45,19,70,3,2.1,1,1,0,0,0,0,1,0,0
629,49,24,51,1,1.3,2,0,1,0,0,0,0,0,0
630,45,19,71,4,2.9,1,1,0,218,0,1,1,1,0
631,32,7,35,3,1.3,1,1,0,108,0,0,0,1,0
632,45,18,40,3,1,2,0,1,0,0,0,1,0,0
633,57,32,165,4,2.7,3,0,0,0,0,0,1,0,1
634,61,31,18,1,1.5,3,0,0,0,0,0,1,1,0
635,57,31,32,3,1.4,1,1,0,0,1,1,1,1,0
636,60,35,35,3,0.2,1,1,0,169,0,0,1,0,0
637,40,16,120,2,6.1,1,1,0,196,0,0,1,0,0
638,53,28,31,4,0.1,3,0,0,0,0,0,1,0,0
639,42,16,35,3,1.5,1,1,0,0,0,0,0,0,0
640,62,36,32,2,0.2,3,0,0,0,0,0,1,1,0
641,43,18,85,1,3.7,3,0,0,327,1,0,1,0,0
642,35,10,139,2,7.8,1,1,0,0,0,0,0,0,0
643,50,24,103,1,0.3,1,1,0,0,0,0,1,0,0
644,45,21,152,2,1.4,1,1,0,0,0,0,1,0,0
645,52,27,33,2,2,2,0,1,0,0,0,1,0,0
646,35,9,84,4,2.2,2,0,1,322,0,0,0,0,0
647,58,33,61,4,1.7,1,1,0,0,0,0,0,0,0
648,62,38,64,4,2.2,1,1,0,123,1,1,1,1,0
649,50,25,34,1,1.3,2,0,1,0,0,0,1,0,0
650,25,0,82,4,2.1,3,0,0,0,0,0,1,0,0
651,47,22,122,1,5.1,3,0,0,163,1,0,0,0,1
652,28,4,58,3,1.5,1,1,0,131,0,0,0,0,0
653,34,9,92,1,2.8,1,1,0,0,0,0,1,0,0
654,49,23,78,2,2.4,2,0,1,205,0,0,0,1,0
655,54,29,129,4,4.2,3,0,0,0,0,0,0,0,1
656,50,25,13,2,0.7,3,0,0,0,0,0,0,0,0
657,37,11,81,1,2.8,3,0,0,145,0,0,0,0,0
658,38,8,23,1,0.67,3,0,0,0,0,0,0,0,0
659,52,26,35,3,0.9,3,0,0,0,0,0,0,0,0
660,63,39,79,4,1.7,2,0,1,0,0,0,1,1,0
661,39,14,165,2,3.3,1,1,0,0,0,0,1,0,0
662,63,38,52,2,2.8,1,1,0,0,0,0,1,0,0
663,65,41,185,3,2,2,0,1,0,0,0,0,0,1
664,46,20,49,3,2.2,2,0,1,0,0,0,0,0,0
665,54,30,64,1,1.8,3,0,0,227,0,0,0,1,0
666,54,24,61,4,2,3,0,0,0,1,0,1,0,0
667,52,26,112,1,2.4,1,1,0,0,1,1,1,1,0
668,63,39,72,3,2,3,0,0,190,1,0,1,0,0
669,66,41,18,3,0.5,1,1,0,0,0,0,0,0,0
670,56,29,41,4,2.5,2,0,1,0,0,0,0,0,0
671,23,0,61,4,2.6,1,1,0,239,0,0,1,0,0
672,65,41,105,1,3,2,0,1,282,1,1,1,0,1
673,51,27,23,1,0.2,1,1,0,0,0,0,1,0,0
674,34,10,22,1,0.5,3,0,0,85,0,0,0,0,0
675,49,23,59,3,2.1,1,1,0,0,0,0,0,0,0
676,29,2,33,1,2,2,0,1,160,0,0,0,0,0
677,47,23,11,1,0.9,3,0,0,103,0,0,0,1,0
678,46,21,204,2,2.8,1,1,0,0,0,0,1,0,0
679,52,27,61,4,1.8,3,0,0,207,0,0,0,0,0
680,55,31,103,3,1.8,2,0,1,364,0,0,0,0,0
681,61,36,51,3,1.5,1,1,0,0,0,0,0,1,0
682,34,9,164,1,6,3,0,0,0,0,0,1,0,1
683,58,34,12,1,0.1,2,0,1,0,0,0,0,1,0
684,40,16,82,1,3.6,2,0,1,0,0,0,0,0,0
685,43,17,164,1,2.4,1,1,0,449,0,0,1,0,0
686,35,8,48,2,1.67,2,0,1,0,0,0,1,0,0
687,24,0,38,4,0.6,2,0,1,0,0,0,1,0,0
688,48,22,65,2,1.5,2,0,1,0,0,0,1,0,0
689,44,20,71,4,1.9,1,1,0,207,0,0,1,0,0
690,54,30,18,1,0.3,1,1,0,0,1,1,1,0,0
691,59,34,52,2,1.6,3,0,0,75,0,0,1,0,0
692,45,18,48,3,2.5,2,0,1,113,0,0,1,1,0
693,26,2,30,1,1,3,0,0,111,0,0,0,0,0
694,40,15,40,2,2.2,3,0,0,107,0,0,1,0,0
695,32,7,112,1,3.8,1,1,0,81,0,0,1,0,0
696,29,4,115,1,1.9,1,1,0,0,0,0,0,0,0
697,51,27,63,2,1,3,0,0,82,0,0,1,0,0
698,42,17,85,1,3.7,3,0,0,0,0,0,1,0,0
699,64,38,59,1,2.5,3,0,0,220,0,0,0,0,0
700,44,20,68,1,0.8,3,0,0,91,0,0,0,0,0
701,37,11,84,2,1.8,1,1,0,0,0,0,1,1,0
702,44,19,62,3,0.8,3,0,0,0,0,0,0,1,0
703,35,9,109,3,4,1,1,0,0,0,0,0,0,1
704,41,17,141,2,7.6,1,1,0,92,0,0,0,0,0
705,56,32,129,1,7.4,1,1,0,0,0,0,0,0,0
706,62,36,30,3,0.7,2,0,1,0,0,0,1,0,0
707,58,34,148,1,4.7,1,1,0,0,0,0,1,0,0
708,47,20,25,3,0.67,2,0,1,0,0,0,1,1,0
709,35,10,21,3,1.3,1,1,0,115,0,0,0,0,0
710,29,4,72,4,2.2,1,1,0,0,0,0,1,0,0
711,43,17,59,3,0.9,3,0,0,87,0,0,1,1,0
712,62,37,83,3,1.8,2,0,1,187,1,0,0,0,0
713,41,16,10,2,0.3,2,0,1,0,0,0,1,0,0
714,34,9,84,3,0.6,2,0,1,0,0,0,1,0,0
715,50,23,98,3,2,2,0,1,0,0,0,0,0,0
716,47,23,32,1,1,1,1,0,0,1,1,1,1,0
717,29,5,31,4,0.4,2,0,1,161,0,0,1,1,0
718,59,34,94,3,0.5,1,1,0,0,0,0,0,1,0
719,56,31,21,2,0.2,3,0,0,137,0,1,1,1,0
720,61,35,110,3,4.4,1,1,0,0,1,0,1,0,0
721,58,32,38,1,2.2,3,0,0,0,0,0,0,0,0
722,49,24,39,1,1.4,3,0,0,0,0,0,1,0,0
723,45,21,132,3,1.2,2,0,1,0,0,1,1,1,1
724,50,24,61,4,2.6,1,1,0,0,0,0,1,0,0
725,64,38,92,1,2,1,1,0,0,0,0,1,0,0
726,39,15,119,2,6.1,1,1,0,0,0,0,0,0,0
727,58,33,53,4,2.1,1,1,0,0,0,0,1,0,0
728,62,37,18,3,1.3,2,0,1,0,0,0,1,0,0
729,45,20,114,2,4.4,2,0,1,0,0,0,0,0,1
730,58,28,90,1,3,3,0,0,0,0,0,0,1,0
731,43,18,140,1,7,1,1,0,205,0,0,1,0,0
732,28,3,90,2,3.3,1,1,0,0,0,0,1,1,0
733,26,1,85,1,1.9,1,1,0,0,0,0,1,0,0
734,49,24,80,1,1.2,1,1,0,0,0,0,1,0,0
735,66,42,53,2,1.1,1,1,0,0,0,0,1,1,0
736,33,7,49,4,2.2,2,0,1,0,0,0,1,0,0
737,61,35,152,3,3.3,3,0,0,0,0,0,1,0,1
738,64,37,138,2,2.8,2,0,1,0,0,0,1,0,1
739,36,10,80,4,2.2,2,0,1,0,0,0,1,0,0
740,49,23,82,2,2.4,2,0,1,0,0,0,0,0,0
741,52,27,195,1,8.1,1,1,0,0,0,0,0,0,0
742,61,37,22,1,1.2,3,0,0,0,0,0,1,0,0
743,32,6,81,1,2.5,1,1,0,0,0,0,1,0,0
744,61,37,40,4,2.2,1,1,0,0,1,1,1,1,0
745,45,20,154,2,2.8,1,1,0,0,1,0,1,0,0
746,30,4,49,3,1.1,2,0,1,0,0,0,0,1,0
747,62,37,85,4,3.4,2,0,1,0,0,0,1,0,0
748,57,32,21,3,0.1,2,0,1,0,1,1,1,0,0
749,41,17,14,1,1,1,1,0,0,0,0,0,0,0
750,58,34,60,4,1.6,2,0,1,0,0,0,0,1,0
751,29,5,138,2,4.33,1,1,0,0,0,0,1,0,0
752,53,28,98,1,1.3,3,0,0,355,0,0,1,0,0
753,64,39,22,4,0.6,2,0,1,0,0,0,0,0,0
754,49,23,49,1,1.2,2,0,1,0,0,0,1,1,0
755,38,14,102,2,1.9,1,1,0,0,0,1,1,1,0
756,56,30,45,4,0.7,2,0,1,0,0,0,0,1,0
757,56,31,82,4,1.3,3,0,0,0,0,0,1,0,0
758,52,28,81,3,1.8,2,0,1,0,1,0,0,0,0
759,64,39,35,1,1.5,2,0,1,0,1,0,0,0,0
760,53,28,59,2,1.9,2,0,1,0,0,0,1,0,0
761,29,3,52,3,1.1,2,0,1,0,0,0,1,0,0
762,48,24,84,3,0.7,1,1,0,166,0,0,1,0,0
763,32,6,85,1,2.7,2,0,1,100,0,0,1,0,0
764,54,28,65,1,0.2,1,1,0,0,0,0,0,1,0
765,37,13,89,2,1.7,2,0,1,314,0,0,0,1,0
766,47,21,109,4,1.8,1,1,0,0,0,0,0,0,1
767,37,12,81,1,2.8,1,1,0,0,0,0,0,0,0
768,64,39,38,1,1.1,3,0,0,108,0,0,0,0,0
769,43,19,72,2,1.7,1,1,0,0,0,0,1,0,0
770,33,6,78,4,2,2,0,1,119,1,0,1,0,0
771,26,2,172,2,6.9,2,0,1,0,0,0,1,0,1
772,42,18,71,3,2.33,1,1,0,106,1,0,1,0,0
773,54,28,165,1,4.1,3,0,0,0,0,1,1,1,1
774,41,16,120,2,3.9,1,1,0,0,0,0,1,1,0
775,55,29,39,1,0.2,1,1,0,0,0,0,0,1,0
776,65,39,23,3,0.7,2,0,1,0,0,0,0,1,0
777,50,26,135,2,4.6,3,0,0,91,0,0,1,0,1
778,55,31,12,2,0.2,1,1,0,76,0,0,1,1,0
779,62,36,92,2,0.7,2,0,1,0,0,0,1,0,0
780,53,28,192,2,6.4,3,0,0,0,0,0,0,0,1
781,32,7,42,4,0.8,1,1,0,0,0,0,1,1,0
782,56,32,158,3,3.7,3,0,0,0,0,0,1,0,1
783,54,30,194,3,6,3,0,0,587,1,1,1,1,1
784,44,20,160,2,7.6,1,1,0,0,1,0,0,0,0
785,48,22,98,2,6.3,1,1,0,0,0,0,0,0,0
786,46,22,164,2,7.6,1,1,0,0,0,1,1,1,0
787,45,21,42,2,2.5,1,1,0,0,1,0,1,0,0
788,45,15,202,3,10,3,0,0,0,0,0,0,0,1
789,58,34,10,4,0.7,1,1,0,0,0,0,0,0,0
790,29,3,31,4,0.3,2,0,1,0,0,0,1,0,0
791,55,30,58,4,0.9,1,1,0,0,0,0,1,1,0
792,55,29,65,4,2.8,2,0,1,0,0,0,1,0,0
793,41,16,98,1,4,3,0,0,0,0,0,0,1,0
794,24,0,150,2,2,1,1,0,0,0,0,1,0,0
795,54,29,44,2,2.3,3,0,0,0,0,0,1,0,0
796,57,32,15,2,0.2,3,0,0,0,0,0,0,1,0
797,30,6,82,2,2.5,1,1,0,0,0,0,0,0,0
798,42,17,61,3,0.5,3,0,0,0,0,0,1,0,0
799,29,2,38,1,2,2,0,1,0,0,0,0,0,0
800,29,3,39,4,2.1,3,0,0,0,0,0,1,0,0
801,31,7,173,1,6,1,1,0,0,0,0,1,0,0
802,47,23,8,4,0.2,1,1,0,0,0,0,1,0,0
803,36,12,51,3,2,1,1,0,214,0,0,1,0,0
804,52,27,62,4,1.8,3,0,0,82,0,0,0,0,0
805,54,28,34,4,0.7,2,0,1,0,0,0,1,0,0
806,55,29,132,3,5.9,2,0,1,307,0,0,0,0,1
807,53,27,44,4,1.5,3,0,0,0,0,0,0,0,0
808,52,27,162,1,8.1,1,1,0,0,0,0,1,0,0
809,64,39,64,3,2.2,1,1,0,0,0,0,1,0,0
810,54,29,111,1,0.1,3,0,0,0,0,0,0,1,0
811,32,6,41,2,2,3,0,0,0,0,0,0,0,0
812,63,33,52,4,1.67,3,0,0,0,0,0,0,0,0
813,36,10,65,4,2.2,2,0,1,0,0,0,0,0,0
814,50,25,130,1,1.1,2,0,1,0,0,0,1,0,1
815,33,8,45,2,0.1,1,1,0,0,0,0,0,1,0
816,62,38,35,1,1.9,2,0,1,118,0,0,0,0,0
817,49,23,65,3,0.7,2,0,1,263,0,0,1,1,0
818,41,15,38,2,0.7,1,1,0,91,0,0,1,0,0
819,51,27,42,4,1.1,2,0,1,0,0,0,1,1,0
820,56,30,45,4,1.5,3,0,0,0,0,0,0,0,0
821,51,25,145,1,0.3,1,1,0,0,0,0,1,0,0
822,39,13,33,4,1.5,3,0,0,0,0,0,0,0,0
823,61,35,60,3,1.4,3,0,0,0,0,0,0,0,0
824,35,9,45,1,2,1,1,0,0,0,0,1,1,0
825,39,15,72,4,2.4,1,1,0,0,1,0,1,0,0
826,37,11,34,3,0.2,2,0,1,0,0,0,0,0,0
827,48,21,23,3,0.67,2,0,1,0,0,0,1,0,0
828,63,37,45,2,1,3,0,0,88,0,0,1,1,0
829,35,9,28,4,1,1,1,0,75,0,0,1,0,0
830,55,30,81,4,3.8,2,0,1,0,0,0,1,0,0
831,29,5,72,3,0.7,2,0,1,81,0,0,0,0,0
832,61,31,49,4,1.67,3,0,0,0,0,0,1,0,0
833,36,10,31,4,1.2,2,0,1,0,0,0,0,0,0
834,61,35,63,3,2.2,3,0,0,0,0,0,0,0,0
835,36,12,150,4,5.4,1,1,0,0,1,1,1,0,1
836,58,33,142,2,3.9,1,1,0,193,0,0,1,1,0
837,42,17,74,3,3,1,1,0,0,0,0,0,1,0
838,30,4,24,1,0.4,2,0,1,81,0,0,1,0,0
839,45,20,29,4,1.9,3,0,0,0,0,0,0,0,0
840,39,15,79,4,2.4,1,1,0,0,0,0,0,0,0
841,27,3,94,2,0.2,1,1,0,310,0,0,0,1,0
842,57,33,121,1,4.3,1,1,0,0,1,0,0,0,0
843,34,10,54,3,2,1,1,0,0,0,0,0,0,0
844,64,39,73,3,2.4,1,1,0,0,0,0,1,0,0
845,47,23,71,1,0.8,3,0,0,127,0,0,1,0,0
846,44,17,29,3,1,2,0,1,0,0,0,1,1,0
847,51,27,93,1,2.7,1,1,0,0,0,0,1,0,0
848,40,14,73,1,1.5,3,0,0,252,0,0,1,0,0
849,57,32,19,4,0.9,2,0,1,0,0,0,1,0,0
850,33,8,58,2,0.1,1,1,0,0,1,1,1,1,0
851,46,20,39,1,0.2,1,1,0,0,0,0,0,0,0
852,41,16,23,2,1.4,2,0,1,0,1,0,1,0,0
853,33,7,29,1,0.6,3,0,0,127,0,0,0,1,0
854,27,2,155,1,0.8,1,1,0,0,0,0,0,0,0
855,52,28,90,1,2.6,2,0,1,0,1,0,1,0,0
856,59,33,113,2,2,1,1,0,77,0,0,1,0,0
857,62,38,42,1,1.8,3,0,0,0,0,0,0,0,0
858,49,25,30,4,0.2,1,1,0,0,0,1,1,1,0
859,45,19,19,3,0.5,2,0,1,0,0,0,1,0,0
860,63,37,124,3,5,2,0,1,170,0,0,0,0,1
861,57,31,30,2,0.7,2,0,1,145,0,0,0,0,0
862,60,30,28,1,1.5,3,0,0,124,1,0,1,0,0
863,50,23,15,2,1,2,0,1,101,0,0,0,0,0
864,54,30,70,1,1.6,3,0,0,265,0,0,0,0,0
865,28,2,10,1,0.1,2,0,1,0,0,0,1,0,0
866,60,34,22,3,0.3,3,0,0,139,0,0,1,1,0
867,44,20,70,4,1.9,1,1,0,0,0,0,1,0,0
868,61,35,61,1,1.6,1,1,0,0,0,0,0,0,0
869,40,15,161,2,3.3,1,1,0,0,1,0,0,1,0
870,54,30,29,2,0.8,1,1,0,0,0,0,0,1,0
871,43,19,35,3,0.5,1,1,0,0,0,0,1,0,0
872,54,28,48,4,2.8,2,0,1,0,0,0,1,0,0
873,32,7,44,4,0.8,1,1,0,0,0,0,1,0,0
874,24,0,88,3,0.8,1,1,0,134,0,0,0,0,0
875,30,4,40,4,2.1,3,0,0,0,0,0,1,1,0
876,61,36,21,4,0.4,2,0,1,123,0,0,0,0,0
877,40,14,58,2,2.8,1,1,0,0,0,0,1,0,0
878,35,11,59,4,0.1,2,0,1,0,0,0,0,0,0
879,33,3,74,4,4,3,0,0,0,0,0,0,0,0
880,63,37,84,4,1.9,2,0,1,0,0,0,1,0,0
881,57,31,58,1,0.2,1,1,0,177,0,0,1,0,0
882,44,19,154,2,8.8,1,1,0,0,0,0,1,0,0
883,51,25,185,1,1.7,1,1,0,0,0,0,0,0,0
884,51,26,78,1,1.2,1,1,0,305,0,0,1,0,0
885,38,13,55,2,1.1,2,0,1,0,0,0,1,0,0
886,31,5,30,4,0.3,2,0,1,0,0,0,1,0,0
887,54,29,74,3,2,2,0,1,0,0,0,0,0,0
888,41,16,118,2,3.3,1,1,0,0,0,0,1,0,0
889,57,33,182,2,3.3,3,0,0,372,0,0,0,0,1
890,24,0,82,2,1.6,3,0,0,0,0,0,1,1,0
891,55,29,29,4,1.5,3,0,0,79,0,0,1,0,0
892,32,6,120,4,5.4,1,1,0,301,0,1,1,1,1
893,38,12,53,2,2.4,2,0,1,0,0,0,1,0,0
894,58,32,43,3,1.4,1,1,0,0,0,0,0,1,0
895,29,4,59,4,2.2,1,1,0,232,0,0,1,1,0
896,43,17,84,4,2.6,3,0,0,289,1,1,1,1,0
897,50,24,161,3,3.4,1,1,0,212,0,0,1,0,1
898,62,37,21,4,0.4,2,0,1,137,0,0,1,1,0
899,57,32,63,4,0.7,1,1,0,0,0,0,1,0,0
900,30,3,172,3,3.4,2,0,1,0,0,0,0,1,1
901,30,4,51,4,0.2,1,1,0,172,0,0,0,1,0
902,57,33,24,4,0.7,1,1,0,0,0,0,1,0,0
903,57,33,95,2,1.6,1,1,0,0,0,0,0,0,0
904,43,18,59,1,2.4,1,1,0,250,0,0,1,0,0
905,28,2,51,4,1.8,2,0,1,0,1,0,0,0,0
906,46,22,28,1,1,1,1,0,84,0,0,1,1,0
907,29,3,154,2,2,1,1,0,130,0,0,0,0,0
908,64,40,15,2,0.3,3,0,0,115,0,0,1,1,0
909,66,36,55,4,1.67,3,0,0,0,0,0,0,1,0
910,23,0,149,1,6.33,1,1,0,305,0,0,0,1,0
911,60,36,79,1,1.8,3,0,0,0,0,0,0,1,0
912,47,21,68,4,2.6,3,0,0,0,0,0,0,0,0
913,35,10,78,1,2.6,2,0,1,0,0,0,1,0,0
914,57,32,34,2,2,2,0,1,0,1,0,0,0,0
915,65,41,195,3,0.4,1,1,0,0,1,1,0,1,1
916,53,28,184,1,8.1,1,1,0,303,0,0,1,0,0
917,44,20,85,2,3.2,1,1,0,0,0,0,1,0,0
918,45,20,200,2,8.8,1,1,0,0,0,0,1,1,0
919,41,16,64,3,0.5,3,0,0,0,0,0,0,0,0
920,51,27,88,1,2.6,2,0,1,0,1,0,0,1,0
921,27,1,42,3,2.4,2,0,1,0,0,0,0,0,0
922,31,5,91,3,1.6,1,1,0,126,0,0,1,1,0
923,32,6,38,1,0.3,1,1,0,0,1,1,1,0,0
924,55,30,28,1,1.5,2,0,1,0,0,0,0,0,0
925,55,30,32,4,0.1,3,0,0,0,1,0,0,0,0
926,42,18,31,1,0.3,3,0,0,0,0,0,0,1,0
927,33,9,22,4,0.4,2,0,1,103,0,0,1,0,0
928,65,40,95,3,3.7,2,0,1,138,0,0,0,1,1
929,35,10,74,4,1.3,1,1,0,0,0,0,1,0,0
930,55,30,22,1,1.5,2,0,1,91,0,0,0,1,0
931,28,4,43,3,0.1,2,0,1,0,0,0,1,0,0
932,27,3,43,1,1,3,0,0,0,0,0,1,0,0
933,51,27,112,3,1.8,2,0,1,0,1,1,1,1,0
934,50,23,9,2,1,2,0,1,0,0,0,1,0,0
935,58,33,81,2,0,3,0,0,0,0,0,1,0,0
936,46,20,131,1,5.7,1,1,0,256,0,0,0,1,0
937,62,32,19,1,1.5,3,0,0,0,1,0,0,0,0
938,38,13,62,3,0.7,2,0,1,0,1,0,1,0,0
939,62,37,19,4,0.4,2,0,1,124,1,0,0,0,0
940,56,32,8,2,0.3,1,1,0,0,0,0,1,1,0
941,61,36,193,1,4.7,3,0,0,203,0,0,1,0,1
942,38,13,129,4,4.4,1,1,0,140,0,0,0,0,1
943,55,29,30,4,0.7,2,0,1,0,0,0,0,1,0
944,30,4,80,4,1.8,2,0,1,0,0,0,0,0,0
945,41,15,22,4,1.5,3,0,0,0,0,0,0,1,0
946,57,32,33,1,1.5,2,0,1,0,0,0,1,0,0
947,36,11,64,4,2.1,3,0,0,0,0,0,0,0,0
948,55,29,60,3,2.2,3,0,0,84,0,0,1,0,0
949,30,4,81,1,2.9,3,0,0,259,0,0,1,1,0
950,40,16,45,3,0.6,2,0,1,204,0,0,1,0,0
951,32,6,112,4,1.8,2,0,1,0,0,0,1,0,0
952,59,34,83,2,3.4,3,0,0,0,0,0,1,0,1
953,44,20,180,2,7.6,1,1,0,524,0,0,0,1,0
954,51,26,28,4,0.2,2,0,1,0,1,0,1,0,0
955,37,12,169,2,5.2,3,0,0,249,0,0,1,0,1
956,59,35,14,4,0.7,1,1,0,0,0,0,1,0,0
957,37,11,43,1,2,1,1,0,0,0,0,1,0,0
958,56,32,88,2,0.3,1,1,0,0,0,0,1,0,0
959,55,29,78,4,2.6,3,0,0,0,0,0,0,1,0
960,49,24,68,1,0.2,2,0,1,163,0,0,0,0,0
961,46,22,144,2,3.3,1,1,0,0,0,0,1,1,0
962,35,9,30,4,1,1,1,0,163,0,0,1,0,0
963,47,21,120,1,0,1,1,0,135,0,0,0,0,0
964,39,14,24,2,0.3,2,0,1,0,0,0,0,0,0
965,27,1,78,4,2.3,3,0,0,157,1,0,1,0,0
966,62,36,135,2,5.2,2,0,1,0,0,0,1,0,1
967,57,32,44,2,1.6,3,0,0,0,0,0,0,0,0
968,55,30,73,4,3.8,2,0,1,0,0,0,1,0,0
969,55,31,90,1,2.7,2,0,1,0,0,0,1,1,0
970,41,15,58,3,0.5,3,0,0,0,0,0,1,0,0
971,57,32,75,2,3.7,1,1,0,236,0,0,1,0,0
972,43,19,174,3,1.7,3,0,0,231,0,1,1,1,1
973,40,16,50,2,1.7,1,1,0,174,0,0,0,0,0
974,43,18,85,1,4,3,0,0,287,0,0,1,0,0
975,63,38,54,3,2.2,1,1,0,0,0,0,1,0,0
976,63,38,83,2,3.4,1,1,0,0,0,0,0,0,1
977,54,30,24,4,0.2,1,1,0,0,1,0,0,0,0
978,54,30,45,4,1.1,2,0,1,205,0,0,1,0,0
979,52,26,68,1,0.8,3,0,0,0,0,0,1,1,0
980,50,26,48,4,0.1,3,0,0,0,0,0,0,1,0
981,38,13,114,1,1,3,0,0,0,0,0,1,1,0
982,36,12,142,3,2.3,2,0,1,0,0,1,1,1,1
983,58,33,52,3,0.5,2,0,1,0,0,0,0,1,0
984,46,22,142,2,3.3,1,1,0,0,0,0,0,0,0
985,50,25,15,1,0.4,3,0,0,0,0,0,0,0,0
986,46,22,118,1,4.7,1,1,0,159,0,0,0,1,0
987,53,27,101,4,4.9,1,1,0,0,0,0,1,0,0
988,62,36,84,2,2.8,1,1,0,0,0,0,1,0,0
989,63,39,32,1,1.9,2,0,1,100,0,0,0,0,0
990,42,16,64,3,0.5,3,0,0,247,0,0,0,0,0
991,34,10,81,4,3.4,1,1,0,0,0,0,1,0,0
992,40,14,28,4,1.5,3,0,0,0,0,0,0,1,0
993,34,9,93,1,0,1,1,0,0,0,0,1,0,0
994,41,15,185,1,3.6,2,0,1,0,0,0,0,0,1
995,32,8,42,1,1.8,2,0,1,0,0,0,0,0,0
996,28,3,45,2,1.6,3,0,0,0,0,0,1,1,0
997,33,6,49,2,1.67,2,0,1,214,0,0,0,0,0
998,46,20,69,3,2.1,1,1,0,0,0,0,0,0,0
999,52,27,94,1,2.8,2,0,1,333,0,0,1,0,0
1000,60,35,18,1,1.5,2,0,1,0,0,0,1,1,0
1001,59,35,8,4,0.7,1,1,0,91,1,0,0,0,0
1002,57,32,55,4,2.1,1,1,0,108,0,0,1,0,0
1003,46,20,85,2,0.4,3,0,0,0,0,0,0,0,0
1004,25,1,62,4,0,1,1,0,229,0,0,1,0,0
1005,53,23,65,4,2,3,0,0,0,0,0,1,0,0
1006,38,12,138,2,0,1,1,0,0,1,0,1,0,0
1007,63,38,103,1,2.5,1,1,0,0,0,0,1,0,0
1008,44,19,99,3,3.5,3,0,0,357,0,0,0,0,1
1009,50,24,152,1,7.3,1,1,0,0,0,0,1,0,0
1010,28,3,25,2,0.9,3,0,0,140,0,0,1,0,0
1011,27,3,98,2,2.5,1,1,0,361,1,1,1,1,0
1012,52,27,39,2,0.7,2,0,1,166,0,0,1,0,0
1013,50,25,40,1,1.3,2,0,1,0,0,0,1,1,0
1014,39,13,58,3,2.1,1,1,0,169,0,0,1,0,0
1015,50,26,192,2,1.8,3,0,0,301,0,1,1,1,1
1016,60,34,62,1,0.8,2,0,1,0,0,0,0,0,0
1017,30,5,69,1,0.8,2,0,1,0,1,0,1,0,0
1018,31,5,40,4,1.3,3,0,0,170,0,0,0,0,0
1019,39,15,61,2,0.6,3,0,0,127,0,0,0,0,0
1020,29,3,30,4,0.3,2,0,1,157,0,0,0,0,0
1021,54,29,29,1,1.5,2,0,1,97,0,0,1,0,0
1022,35,8,41,2,1,2,0,1,0,0,0,1,1,0
1023,27,3,118,1,3.3,2,0,1,0,0,0,1,0,1
1024,45,20,109,1,7,1,1,0,366,0,0,1,0,0
1025,58,33,122,4,0.2,2,0,1,0,0,1,1,0,1
1026,62,37,50,3,1.5,1,1,0,169,0,0,1,0,0
1027,28,4,43,3,0.1,2,0,1,0,0,0,1,0,0
1028,32,7,108,1,4.6,1,1,0,0,1,0,0,0,0
1029,29,4,110,4,2.5,3,0,0,0,0,0,0,0,1
1030,41,17,20,1,1.4,3,0,0,0,0,0,1,0,0
1031,61,35,112,4,1.7,3,0,0,0,0,0,0,1,0
1032,56,32,25,1,0.1,2,0,1,136,0,0,1,0,0
1033,37,12,42,3,0.7,2,0,1,0,0,0,1,1,0
1034,60,34,29,2,0.3,1,1,0,0,0,0,1,0,0
1035,49,23,84,3,2.1,1,1,0,134,1,0,1,0,0
1036,43,17,81,4,2.6,3,0,0,0,1,0,1,0,0
1037,53,28,55,4,0.9,1,1,0,119,0,0,1,1,0
1038,35,11,40,1,2.4,2,0,1,0,1,0,1,0,0
1039,56,30,145,4,5.7,2,0,1,0,0,1,1,1,1
1040,41,16,175,2,1.1,3,0,0,0,0,0,1,0,1
1041,36,6,78,4,1.8,3,0,0,163,0,0,0,0,0
1042,56,32,51,4,1.5,1,1,0,0,0,0,0,0,0
1043,64,34,50,4,1.67,3,0,0,0,0,0,1,0,0
1044,51,27,21,3,0.4,1,1,0,0,0,0,1,0,0
1045,49,24,79,1,0.2,2,0,1,83,0,0,1,1,0
1046,43,18,84,1,4,3,0,0,0,0,0,0,0,0
1047,51,26,34,4,0.4,2,0,1,0,0,0,0,0,0
1048,55,31,73,4,1.6,2,0,1,0,0,0,0,0,0
1049,62,37,90,3,0.5,1,1,0,0,0,0,1,0,0
1050,35,10,23,4,0.2,3,0,0,0,0,0,1,0,0
1051,53,27,145,2,6.1,3,0,0,294,0,1,1,1,1
1052,33,7,54,4,0.2,1,1,0,141,1,0,0,0,0
1053,43,17,49,3,2.2,2,0,1,103,0,0,1,1,0
1054,58,32,51,1,2.8,2,0,1,0,0,0,1,0,0
1055,63,38,8,4,0.6,2,0,1,0,0,0,1,0,0
1056,31,6,62,1,1,1,1,0,0,1,0,1,0,0
1057,36,6,25,1,0.67,3,0,0,0,0,0,1,0,0
1058,30,0,63,2,1.75,3,0,0,0,0,0,1,0,0
1059,59,34,24,2,0.2,3,0,0,86,0,0,1,0,0
1060,28,2,11,1,0.1,2,0,1,0,0,0,1,1,0
1061,59,34,23,1,0.1,1,1,0,0,0,0,0,1,0
1062,47,22,33,1,1.4,3,0,0,0,0,0,1,0,0
1063,47,21,83,1,3.8,1,1,0,97,0,0,0,0,1
1064,56,30,39,3,1.4,1,1,0,131,0,0,0,1,0
1065,41,17,138,3,6.9,2,0,1,0,0,0,1,0,1
1066,25,1,113,3,2.5,1,1,0,0,0,0,0,1,0
1067,30,5,125,4,0.5,3,0,0,0,0,1,1,0,1
1068,50,24,195,1,1.7,1,1,0,0,0,0,0,0,0
1069,34,9,105,3,1.2,3,0,0,0,1,0,0,0,0
1070,44,18,75,2,3.5,1,1,0,0,0,0,1,0,1
1071,36,9,40,2,1,2,0,1,0,0,0,1,0,0
1072,39,14,61,3,0.5,3,0,0,137,0,0,1,0,0
1073,54,24,75,2,4.5,3,0,0,0,0,0,0,0,0
1074,33,8,122,1,0,1,1,0,0,0,0,1,1,0
1075,39,14,75,3,3,1,1,0,0,0,0,0,1,0
1076,41,15,59,4,0.2,3,0,0,0,0,0,0,0,0
1077,40,13,24,3,1,2,0,1,0,0,0,1,0,0
1078,29,3,175,3,3.3,3,0,0,329,0,0,1,0,1
1079,51,27,39,2,0.8,1,1,0,182,0,0,0,1,0
1080,54,30,145,2,6.8,1,1,0,0,1,0,0,0,0
1081,47,22,24,4,0.4,2,0,1,142,0,0,1,0,0
1082,53,28,20,3,0.1,2,0,1,0,0,0,0,0,0
1083,30,5,85,1,2.6,2,0,1,0,0,0,1,0,0
1084,28,3,65,3,2.6,3,0,0,0,1,0,0,0,0
1085,60,35,191,4,5.6,3,0,0,0,0,0,0,0,1
1086,51,26,11,2,0,1,1,0,0,1,0,0,0,0
1087,63,37,40,2,1,3,0,0,167,0,0,0,0,0
1088,38,13,54,3,0.7,2,0,1,196,0,0,0,0,0
1089,59,35,95,1,3.8,1,1,0,0,0,0,1,1,0
1090,53,29,94,4,1,2,0,1,0,0,0,1,0,0
1091,31,5,79,4,2.2,2,0,1,0,0,0,0,0,0
1092,41,17,48,3,0.3,3,0,0,0,0,0,1,1,0
1093,25,1,70,4,2.6,1,1,0,0,1,0,1,0,0
1094,27,3,40,3,0.1,2,0,1,111,0,0,1,0,0
1095,50,24,44,4,1.8,1,1,0,0,0,0,1,1,0
1096,50,25,43,1,1.4,3,0,0,137,0,0,1,0,0
1097,43,18,29,1,0.3,3,0,0,0,0,0,1,0,0
1098,50,24,188,3,1.3,1,1,0,184,0,0,0,1,1
1099,46,20,114,1,0,1,1,0,0,0,0,1,1,0
1100,30,6,52,3,0.7,2,0,1,0,0,0,1,0,0
1101,42,16,13,1,0.2,1,1,0,0,0,0,1,0,0
1102,42,17,95,3,0.5,3,0,0,0,0,0,0,0,0
1103,29,3,84,1,2.9,3,0,0,0,0,0,1,0,0
1104,38,14,49,1,1.8,1,1,0,0,0,0,0,0,0
1105,51,25,181,1,1.7,1,1,0,0,0,0,1,1,0
1106,35,10,182,1,0.3,2,0,1,229,0,1,1,1,1
1107,37,13,70,2,2.7,1,1,0,0,0,0,0,0,0
1108,47,21,79,3,1.1,1,1,0,185,0,0,1,1,0
1109,55,29,61,4,2.8,2,0,1,0,0,0,1,1,0
1110,65,41,121,2,2.1,1,1,0,0,0,0,1,0,0
1111,58,33,34,3,0.2,1,1,0,83,0,0,1,0,0
1112,54,28,183,1,1,1,1,0,442,0,0,0,0,0
1113,52,28,51,1,1.6,3,0,0,0,1,0,0,1,0
1114,28,2,70,3,0.3,3,0,0,0,0,0,0,1,0
1115,32,8,39,1,1.7,1,1,0,0,0,0,1,1,0
1116,51,24,84,3,2,2,0,1,0,0,0,0,0,0
1117,43,18,122,1,7,1,1,0,0,0,0,1,1,0
1118,42,18,145,1,1.7,1,1,0,132,0,0,1,1,0
1119,42,17,98,2,0.4,1,1,0,0,0,0,1,1,0
1120,41,16,79,1,1,3,0,0,233,0,0,1,0,0
1121,34,8,38,2,2,3,0,0,0,0,0,1,1,0
1122,30,6,49,3,0.7,2,0,1,196,0,0,0,1,0
1123,32,7,38,1,1,1,1,0,0,0,0,1,0,0
1124,46,20,91,4,2.6,3,0,0,0,0,0,0,0,0
1125,38,12,29,4,0.2,1,1,0,0,0,0,0,1,0
1126,37,13,172,2,6.5,1,1,0,0,0,0,0,0,0
1127,32,8,104,2,3.7,1,1,0,0,0,0,0,1,1
1128,35,9,58,1,2.5,1,1,0,0,0,0,1,1,0
1129,30,5,171,2,1.9,2,0,1,0,0,0,0,0,1
1130,30,4,73,3,3.3,1,1,0,0,0,1,1,1,1
1131,58,32,191,1,2.9,1,1,0,0,0,0,0,0,0
1132,57,27,90,2,4.5,3,0,0,0,0,0,1,0,0
1133,34,9,55,3,2.3,1,1,0,0,1,1,1,1,0
1134,31,4,28,1,2,2,0,1,0,0,0,0,0,0
1135,39,14,42,1,2.5,3,0,0,0,0,0,1,0,0
1136,57,33,9,1,0.1,2,0,1,91,1,0,1,0,0
1137,47,21,65,1,1.5,2,0,1,0,1,0,1,0,0
1138,51,26,134,4,4.5,3,0,0,0,1,1,1,0,1
1139,30,6,83,4,3.4,1,1,0,0,1,0,1,0,0
1140,55,28,38,3,1,2,0,1,0,0,0,1,0,0
1141,32,6,13,4,0.3,1,1,0,0,0,0,1,1,0
1142,32,7,143,3,2.9,3,0,0,0,0,0,1,0,1
1143,44,20,75,4,1.9,1,1,0,0,0,0,0,0,0
1144,33,7,120,1,3.2,3,0,0,0,0,0,1,0,1
1145,49,24,91,1,2.8,2,0,1,0,0,0,0,0,0
1146,32,6,99,2,1.5,3,0,0,0,0,0,0,1,0
1147,31,7,71,1,0.1,1,1,0,78,1,0,0,0,0
1148,37,13,111,1,0.8,2,0,1,0,0,0,0,0,0
1149,41,15,108,1,5.2,1,1,0,0,0,0,0,0,0
1150,56,32,158,1,7.4,1,1,0,0,0,0,0,0,0
1151,55,31,81,3,2.67,1,1,0,0,0,0,1,0,0
1152,49,23,12,2,0.1,3,0,0,0,1,1,1,0,0
1153,63,37,21,2,0.4,1,1,0,0,0,0,1,0,0
1154,55,30,55,4,0.9,1,1,0,215,0,0,1,1,0
1155,59,35,42,1,1.8,3,0,0,0,0,0,1,0,0
1156,41,16,81,2,0.4,1,1,0,0,0,0,0,1,0
1157,49,25,13,4,0.2,1,1,0,87,0,0,0,0,0
1158,48,23,132,1,0.6,1,1,0,157,0,0,0,0,0
1159,41,16,99,1,1,3,0,0,0,0,0,1,0,0
1160,50,26,23,4,0.2,1,1,0,0,0,0,0,1,0
1161,28,1,40,1,2,2,0,1,0,1,0,1,0,0
1162,36,11,181,3,1.4,1,1,0,0,0,0,0,0,1
1163,38,14,112,2,2.2,1,1,0,394,0,0,0,0,0
1164,34,9,138,2,7.8,1,1,0,227,0,0,1,0,0
1165,41,17,94,3,3.8,2,0,1,327,1,1,1,0,1
1166,43,19,113,1,1.7,1,1,0,0,0,0,0,0,0
1167,30,5,112,4,5,2,0,1,0,0,0,0,1,1
1168,37,12,190,2,3,1,1,0,475,0,0,1,0,0
1169,62,37,38,1,1.1,3,0,0,0,0,0,1,0,0
1170,40,16,32,1,1.4,3,0,0,158,0,0,1,0,0
1171,35,10,104,3,0.6,2,0,1,0,0,0,0,1,0
1172,64,40,43,1,1.9,2,0,1,0,0,0,1,0,0
1173,49,24,45,3,1.7,2,0,1,0,1,0,1,0,0
1174,24,0,35,2,1.7,2,0,1,0,0,0,0,0,0
1175,36,10,42,4,1.2,2,0,1,0,0,0,1,1,0
1176,29,4,58,1,0.8,2,0,1,0,0,0,1,1,0
1177,29,3,103,4,3.4,1,1,0,0,0,0,1,0,1
1178,28,3,71,1,3.3,2,0,1,149,1,1,1,0,1
1179,33,7,14,1,0.4,2,0,1,98,0,0,1,0,0
1180,36,11,98,3,1.2,3,0,0,0,1,0,0,1,0
1181,42,17,90,1,0.1,2,0,1,0,0,0,0,1,0
1182,25,0,65,4,0.2,1,1,0,0,1,0,0,0,0
1183,28,2,19,4,0.4,1,1,0,0,0,0,1,1,0
1184,50,25,35,3,1.7,2,0,1,0,0,0,1,1,0
1185,34,9,71,4,1.3,1,1,0,0,0,0,1,0,0
1186,43,19,31,3,0.5,1,1,0,0,0,0,0,0,0
1187,62,38,43,4,1.2,2,0,1,0,0,0,1,0,0
1188,61,36,24,1,1.5,2,0,1,87,1,0,0,0,0
1189,45,19,58,2,0.4,3,0,0,0,1,0,0,1,0
1190,42,17,115,2,0.4,1,1,0,0,0,0,1,0,0
1191,39,15,168,2,8,1,1,0,152,1,0,0,0,0
1192,29,5,128,1,1.5,1,1,0,0,0,0,1,1,0
1193,45,20,138,1,7,1,1,0,0,0,0,0,1,0
1194,58,32,81,3,1.7,2,0,1,0,0,0,1,1,0
1195,29,3,41,4,1.3,3,0,0,0,0,0,1,0,0
1196,32,7,123,2,2.9,2,0,1,0,0,0,1,0,1
1197,37,13,71,2,2.7,1,1,0,94,0,0,1,0,0
1198,48,23,8,1,0.4,3,0,0,0,0,0,0,1,0
1199,40,14,42,2,0.7,1,1,0,101,0,0,1,0,0
1200,29,4,62,2,2.5,1,1,0,184,0,0,1,0,0
1201,36,12,22,4,1,1,1,0,91,1,0,1,0,0
1202,35,8,38,4,1,2,0,1,0,0,0,1,0,0
1203,35,11,24,4,0.4,2,0,1,0,0,0,0,0,0
1204,62,37,50,3,2.4,1,1,0,0,0,0,1,0,0
1205,26,1,190,4,1.3,2,0,1,197,0,0,1,0,1
1206,32,7,94,2,3.1,1,1,0,0,0,0,1,0,0
1207,63,37,165,4,5.1,3,0,0,0,0,0,0,0,1
1208,38,12,43,4,1.2,2,0,1,0,0,0,0,1,0
1209,50,26,48,1,1.6,2,0,1,0,0,0,0,1,0
1210,46,21,52,3,2.7,2,0,1,228,0,0,0,1,0
1211,50,24,84,4,4.9,1,1,0,0,0,0,1,0,0
1212,61,36,131,1,0.9,1,1,0,0,0,0,1,0,0
1213,34,8,44,4,0.2,1,1,0,0,0,0,0,0,0
1214,27,2,78,4,0.2,1,1,0,87,0,0,0,0,0
1215,61,36,15,4,0.4,2,0,1,0,0,0,0,0,0
1216,45,20,38,4,1.9,3,0,0,144,0,0,1,1,0
1217,50,25,84,1,1.3,3,0,0,0,1,0,1,0,0
1218,44,20,122,1,0.3,1,1,0,0,0,0,1,0,0
1219,62,36,98,2,2.8,1,1,0,0,0,0,0,0,0
1220,45,18,80,3,2.67,2,0,1,0,0,0,0,0,0
1221,41,17,165,2,8,1,1,0,0,0,0,1,0,0
1222,30,5,121,2,3.3,1,1,0,0,0,0,0,1,0
1223,61,37,20,3,0.4,2,0,1,94,0,0,0,0,0
1224,45,19,11,1,0.2,1,1,0,91,0,0,0,0,0
1225,59,35,45,1,1.8,3,0,0,0,0,0,1,0,0
1226,30,6,118,2,2.8,2,0,1,0,0,0,0,0,1
1227,60,36,14,2,0.3,1,1,0,109,0,0,1,1,0
1228,39,13,30,3,0.2,2,0,1,0,0,0,0,0,0
1229,56,30,45,1,0.2,1,1,0,98,0,0,0,0,0
1230,56,32,80,3,2.67,1,1,0,0,0,0,1,0,0
1231,27,1,25,4,0.3,2,0,1,0,0,0,1,1,0
1232,66,41,144,1,2.5,1,1,0,0,1,1,1,1,0
1233,43,19,84,4,0.2,3,0,0,297,0,0,1,0,0
1234,53,29,22,2,0.4,1,1,0,0,0,0,1,0,0
1235,44,18,33,3,1.5,1,1,0,0,0,0,1,1,0
1236,54,28,60,4,2.6,3,0,0,0,0,0,0,0,0
1237,31,6,81,4,2.2,2,0,1,116,0,0,1,0,0
1238,38,13,169,1,6.8,3,0,0,0,0,1,1,1,1
1239,28,2,63,2,1.6,3,0,0,0,0,0,1,0,0
1240,51,26,12,2,0.7,3,0,0,109,0,0,1,1,0
1241,52,27,15,4,0.8,1,1,0,101,0,0,0,0,0
1242,64,38,39,1,0.5,3,0,0,0,1,1,1,1,0
1243,29,4,44,4,2,2,0,1,0,0,0,1,0,0
1244,34,10,110,1,4,1,1,0,0,0,0,1,0,0
1245,33,8,130,3,6.3,2,0,1,99,0,0,0,1,1
1246,46,21,41,1,1.4,3,0,0,128,0,0,1,0,0
1247,48,22,59,1,1.4,3,0,0,241,0,0,1,0,0
1248,52,28,39,2,0.8,1,1,0,0,0,0,1,0,0
1249,44,19,35,4,0,2,0,1,0,0,0,1,0,0
1250,51,27,80,1,2.6,2,0,1,0,0,0,1,1,0
1251,47,20,81,1,2.67,2,0,1,0,0,0,1,0,0
1252,39,13,31,2,0.8,3,0,0,0,0,0,0,0,0
1253,42,17,93,4,1.9,3,0,0,0,0,0,0,0,0
1254,57,33,45,4,1.5,1,1,0,204,0,0,1,0,0
1255,36,12,40,2,0.6,3,0,0,0,0,0,1,1,0
1256,27,1,80,2,1.6,3,0,0,185,0,0,1,1,0
1257,31,7,20,1,0.4,3,0,0,0,0,0,1,0,0
1258,63,37,41,1,0.5,3,0,0,0,0,0,0,1,0
1259,34,8,31,1,0.3,1,1,0,104,0,0,1,1,0
1260,52,27,35,4,0.2,2,0,1,0,0,0,1,0,0
1261,57,31,40,3,1.4,3,0,0,137,0,0,1,1,0
1262,63,39,84,1,1.8,3,0,0,0,0,0,0,0,0
1263,26,1,53,2,1.6,3,0,0,0,0,0,1,0,0
1264,35,5,85,4,4,3,0,0,0,0,0,1,0,0
1265,58,33,138,2,3.9,1,1,0,0,0,0,1,0,0
1266,32,2,71,2,1.75,3,0,0,108,0,0,0,0,0
1267,64,39,113,1,0.8,3,0,0,0,0,0,0,1,0
1268,50,23,23,2,1,2,0,1,0,1,0,0,0,0
1269,34,9,62,3,2.3,1,1,0,0,0,0,0,0,0
1270,36,11,14,4,0.2,3,0,0,100,0,0,1,1,0
1271,43,18,60,2,2.2,3,0,0,0,0,0,0,1,0
1272,28,4,94,3,0.8,1,1,0,236,0,0,1,0,0
1273,64,39,83,3,1.8,2,0,1,0,0,0,1,0,0
1274,60,35,130,3,6.3,3,0,0,437,0,1,1,1,1
1275,62,37,61,4,1.7,1,1,0,0,0,0,0,0,0
1276,27,2,92,2,3.1,1,1,0,178,0,0,1,0,0
1277,42,16,20,2,0.8,3,0,0,117,0,0,1,1,0
1278,45,20,194,2,8.8,1,1,0,428,0,0,0,0,0
1279,36,10,74,1,2.5,1,1,0,0,0,0,0,1,0
1280,48,22,84,2,0.4,3,0,0,145,0,0,0,0,0
1281,65,40,98,3,1.8,2,0,1,333,0,0,0,0,0
1282,39,15,52,3,2.33,1,1,0,0,0,0,1,0,0
1283,51,26,55,1,1.3,2,0,1,236,0,0,0,1,0
1284,30,6,64,4,3.4,1,1,0,117,0,0,0,0,0
1285,65,40,128,1,2.5,1,1,0,162,0,0,1,0,0
1286,38,13,113,4,1.7,2,0,1,0,0,0,0,1,1
1287,29,3,50,3,1.1,2,0,1,0,0,0,0,1,0
1288,42,18,54,4,2.2,2,0,1,0,0,0,0,0,0
1289,63,38,129,1,0.9,1,1,0,366,0,0,1,0,0
1290,46,21,82,4,0.4,1,1,0,0,0,0,0,0,0
1291,62,38,100,4,1.7,2,0,1,0,0,0,1,0,0
1292,58,34,44,4,2.2,1,1,0,0,1,0,0,0,0
1293,56,30,164,4,0.5,2,0,1,234,0,1,1,1,1
1294,56,31,81,2,3.7,1,1,0,121,0,0,1,1,0
1295,34,10,71,1,0.1,1,1,0,257,0,0,1,1,0
1296,42,17,28,1,0.5,3,0,0,90,0,0,0,0,0
1297,30,6,80,3,1.5,1,1,0,219,0,0,1,0,0
1298,61,35,90,4,1.9,2,0,1,0,0,0,1,0,0
1299,38,14,74,1,3.6,2,0,1,0,0,0,1,1,0
1300,50,25,14,2,0.7,3,0,0,0,1,0,1,0,0
1301,61,36,23,2,0.5,2,0,1,103,0,0,1,0,0
1302,41,17,153,1,1.7,1,1,0,337,0,0,0,1,0
1303,42,16,38,3,0.9,3,0,0,0,0,0,0,0,0
1304,29,5,112,2,2,2,0,1,382,1,0,0,0,0
1305,51,26,145,1,8.1,1,1,0,397,0,0,0,1,0
1306,32,6,28,2,0.3,2,0,1,88,0,0,1,0,0
1307,34,9,31,4,1.1,3,0,0,0,0,0,1,1,0
1308,26,2,195,1,6.33,1,1,0,0,0,0,1,1,0
1309,54,24,50,3,2,3,0,0,0,0,0,1,1,0
1310,38,14,71,4,2,3,0,0,0,0,0,0,0,0
1311,62,36,21,3,0.3,3,0,0,0,0,0,0,0,0
1312,37,11,35,2,0.8,3,0,0,125,0,0,0,0,0
1313,46,21,42,1,2.4,1,1,0,0,0,0,1,1,0
1314,52,27,78,4,3.6,3,0,0,141,0,0,1,0,0
1315,32,6,73,4,2.2,2,0,1,0,0,0,0,0,0
1316,49,25,53,2,1,3,0,0,181,0,0,0,0,0
1317,28,3,51,2,1.6,3,0,0,123,0,0,0,0,0
1318,55,30,40,2,2.3,3,0,0,0,0,0,1,0,0
1319,52,26,178,1,1,1,1,0,0,0,0,0,0,0
1320,32,6,35,2,0.3,1,1,0,0,0,0,0,1,0
1321,31,7,192,1,0,2,0,1,0,0,0,1,0,1
1322,27,3,123,1,5.4,1,1,0,0,0,0,0,0,0
1323,32,5,48,2,1.67,2,0,1,0,1,1,1,1,0
1324,52,26,45,3,0.6,2,0,1,0,0,0,0,0,0
1325,52,28,15,1,0.2,1,1,0,0,0,0,1,0,0
1326,50,24,79,1,0.3,1,1,0,120,0,0,1,0,0
1327,32,5,63,4,2,2,0,1,0,1,0,1,0,0
1328,61,35,30,2,0.2,3,0,0,0,0,0,1,0,0
1329,60,36,145,4,6.9,1,1,0,380,0,0,0,1,1
1330,28,4,32,3,1,2,0,1,0,0,0,0,0,0
1331,34,9,64,2,0.1,1,1,0,224,0,0,1,1,0
1332,31,7,84,1,0.1,1,1,0,0,0,0,1,0,0
1333,31,5,21,1,0.4,2,0,1,0,0,0,1,0,0
1334,62,38,99,4,1.7,2,0,1,0,0,0,1,0,0
1335,47,22,35,2,1.3,1,1,0,0,0,0,1,0,0
1336,50,24,180,1,1.7,1,1,0,0,0,0,1,1,0
1337,36,12,42,1,1.33,1,1,0,0,0,0,1,0,0
1338,26,0,179,4,2.1,2,0,1,0,0,0,0,0,1
1339,51,27,42,4,0.1,3,0,0,0,0,0,0,0,0
1340,52,25,180,2,9,2,0,1,297,0,0,1,0,1
1341,35,11,82,4,3.4,1,1,0,0,0,0,0,0,0
1342,42,16,55,2,0.7,1,1,0,149,0,0,0,0,0
1343,36,12,79,2,2.2,1,1,0,0,0,0,1,0,0
1344,41,17,48,2,0.6,3,0,0,215,0,0,0,1,0
1345,49,25,93,1,2.7,1,1,0,0,1,0,1,0,0
1346,57,32,23,2,0.2,3,0,0,0,0,0,0,0,0
1347,44,20,50,3,2.33,1,1,0,200,0,0,0,0,0
1348,60,34,85,2,2,1,1,0,0,0,0,1,0,0
1349,38,14,35,1,1.5,2,0,1,97,0,0,1,0,0
1350,26,2,171,3,6,2,0,1,0,0,0,1,0,1
1351,29,2,29,4,1.5,2,0,1,0,0,0,0,1,0
1352,59,35,84,1,1.8,3,0,0,0,0,0,1,1,0
1353,51,27,20,4,0.5,2,0,1,0,0,0,1,0,0
1354,50,25,14,1,0.4,3,0,0,0,0,0,1,1,0
1355,35,10,179,1,8.6,1,1,0,357,0,0,0,0,0
1356,61,37,48,1,0.8,1,1,0,158,0,0,1,0,0
1357,42,16,74,1,2.8,1,1,0,0,0,0,1,0,0
1358,55,29,53,1,1.4,1,1,0,0,0,0,0,0,0
1359,50,25,83,1,2.8,2,0,1,0,0,0,1,1,0
1360,64,40,171,2,2.1,1,1,0,433,0,0,0,0,0
1361,54,28,85,4,4.9,1,1,0,0,0,0,1,0,0
1362,50,26,38,4,0.9,2,0,1,0,0,0,1,0,0
1363,31,5,85,3,1.6,1,1,0,157,0,0,1,1,0
1364,32,8,79,1,0.1,1,1,0,0,0,0,0,0,0
1365,44,19,69,4,0.4,1,1,0,0,0,0,0,0,0
1366,60,35,43,3,0.9,3,0,0,0,0,0,1,1,0
1367,60,34,33,2,0.3,1,1,0,101,0,0,1,0,0
1368,62,38,42,3,0.1,3,0,0,149,0,0,0,1,0
1369,46,21,40,4,1.9,3,0,0,122,0,0,1,0,0
1370,57,33,43,1,1.8,3,0,0,0,0,0,0,0,0
1371,30,5,20,4,0.5,3,0,0,117,0,0,0,0,0
1372,58,32,65,3,2.5,1,1,0,222,0,0,1,0,0
1373,39,13,139,3,3.4,1,1,0,483,0,0,1,0,1
1374,60,35,135,3,0.3,3,0,0,0,0,0,1,0,1
1375,59,34,84,3,1.6,3,0,0,0,0,0,1,0,0
1376,50,26,179,1,2.9,3,0,0,0,0,0,0,1,1
1377,63,39,45,4,1.3,2,0,1,86,0,0,0,0,0
1378,27,3,109,2,2.5,1,1,0,0,0,0,1,0,0
1379,54,29,34,4,0.1,3,0,0,0,0,0,1,0,0
1380,62,37,162,1,1.3,1,1,0,0,0,0,1,0,0
1381,60,34,105,2,1.4,1,1,0,0,0,0,1,0,0
1382,38,12,22,3,0.2,2,0,1,0,0,0,1,0,0
1383,34,8,82,2,1.8,1,1,0,178,0,0,1,1,0
1384,65,41,105,4,1.7,2,0,1,230,1,0,1,0,0
1385,55,31,62,1,1.8,3,0,0,0,0,0,1,0,0
1386,57,31,82,2,2,1,1,0,83,0,0,0,1,0
1387,27,3,72,4,0,1,1,0,0,0,0,1,0,0
1388,35,10,38,4,1.7,1,1,0,0,0,0,1,1,0
1389,52,28,25,4,1,1,1,0,0,0,0,0,0,0
1390,45,15,20,1,0.75,3,0,0,0,0,0,1,0,0
1391,29,3,80,4,1.8,2,0,1,0,0,0,1,1,0
1392,44,18,84,3,1.1,1,1,0,0,0,0,0,0,0
1393,47,23,33,1,1,1,1,0,0,0,0,1,1,0
1394,62,37,55,3,0.9,3,0,0,0,0,0,1,0,0
1395,52,27,33,2,0.7,2,0,1,0,0,0,0,1,0
1396,47,23,190,4,0.3,3,0,0,305,0,0,0,0,1
1397,42,18,43,1,0.3,3,0,0,158,0,0,0,0,0
1398,65,41,45,3,0.1,3,0,0,0,0,0,1,0,0
1399,42,18,141,1,3.5,1,1,0,0,0,0,0,0,0
1400,40,16,69,4,2.4,1,1,0,0,0,0,1,0,0
1401,32,8,78,4,0.1,2,0,1,0,0,0,1,0,0
1402,40,15,84,1,3.7,3,0,0,0,0,0,1,0,0
1403,55,29,172,1,5.2,2,0,1,0,0,0,0,0,1
1404,32,6,51,4,0.2,1,1,0,154,1,0,0,1,0
1405,58,28,75,1,1.4,3,0,0,0,0,0,1,0,0
1406,46,22,183,1,3.1,2,0,1,0,0,1,1,1,1
1407,53,23,20,4,0.4,3,0,0,0,0,0,1,1,0
1408,63,39,101,2,3.9,3,0,0,294,0,0,1,0,1
1409,40,14,129,1,5.9,3,0,0,0,0,0,1,0,1
1410,41,17,63,2,3.2,1,1,0,0,0,0,0,0,0
1411,60,35,44,4,2.1,1,1,0,0,0,0,0,0,0
1412,65,39,184,1,5.4,3,0,0,176,0,1,1,1,1
1413,59,33,100,2,2,1,1,0,127,0,0,0,0,0
1414,48,24,12,3,0.4,1,1,0,0,0,0,0,0,0
1415,59,33,68,2,2.3,3,0,0,128,1,0,1,0,0
1416,33,8,48,1,1,1,1,0,212,0,0,1,0,0
1417,40,15,82,2,0.4,1,1,0,0,0,0,0,0,0
1418,42,18,52,2,2.5,1,1,0,0,0,0,0,0,0
1419,65,41,154,2,4.6,2,0,1,0,1,1,1,1,1
1420,30,4,39,1,1.5,1,1,0,0,0,0,0,1,0
1421,30,4,40,1,0.3,1,1,0,0,0,1,1,1,0
1422,42,17,54,4,1.9,3,0,0,164,0,0,0,0,0
1423,32,8,32,2,1,2,0,1,103,0,1,1,1,0
1424,55,30,64,2,2.3,3,0,0,0,0,0,0,0,0
1425,29,3,92,2,1.3,1,1,0,287,0,0,1,0,0
1426,64,38,40,1,2.5,3,0,0,94,0,0,1,1,0
1427,37,11,60,3,0.5,3,0,0,0,0,0,1,0,0
1428,31,5,85,2,1.3,1,1,0,119,0,0,1,1,0
1429,25,0,21,4,0.4,1,1,0,90,0,0,1,0,0
1430,31,5,35,1,0.6,3,0,0,171,0,0,0,0,0
1431,32,7,52,2,0.1,1,1,0,0,0,0,1,0,0
1432,58,34,128,1,7.4,1,1,0,0,0,0,0,0,0
1433,26,2,195,1,6.33,1,1,0,0,0,0,0,0,0
1434,51,25,68,2,1.5,2,0,1,117,0,0,0,1,0
1435,65,41,55,2,1.1,1,1,0,0,0,0,0,0,0
1436,43,17,55,1,0.2,1,1,0,0,0,0,1,0,0
1437,46,21,80,4,0.4,1,1,0,0,0,0,1,1,0
1438,28,3,123,1,0.8,1,1,0,146,0,0,0,0,0
1439,63,37,90,4,1.9,2,0,1,106,1,0,1,0,0
1440,59,29,61,1,1.4,3,0,0,0,0,0,0,0,0
1441,42,15,41,3,2.5,2,0,1,0,0,0,1,0,0
1442,58,33,43,2,1.6,3,0,0,0,0,0,1,0,0
1443,39,13,71,3,0.1,1,1,0,162,1,0,1,0,0
1444,36,12,25,4,1,1,1,0,0,0,0,1,0,0
1445,60,33,154,1,3,2,0,1,0,1,1,1,0,1
1446,47,21,141,1,2.4,1,1,0,0,0,0,0,0,0
1447,29,4,22,2,0.9,3,0,0,110,0,0,0,0,0
1448,52,28,145,2,6.8,1,1,0,0,0,0,1,0,0
1449,41,16,49,3,0.5,3,0,0,0,0,0,1,0,0
1450,63,37,109,1,2,1,1,0,0,0,0,1,0,0
1451,59,34,80,3,0.5,1,1,0,0,0,0,1,1,0
1452,44,20,82,4,1.4,2,0,1,201,0,0,1,1,0
1453,54,28,52,4,2.5,1,1,0,0,0,0,1,0,0
1454,29,5,85,3,2.5,1,1,0,0,0,0,1,1,0
1455,51,25,148,1,1,1,1,0,0,0,0,0,0,0
1456,63,39,160,2,2.1,1,1,0,0,0,0,0,1,0
1457,36,11,39,4,1.7,1,1,0,0,0,0,1,0,0
1458,42,16,25,2,0.8,3,0,0,0,0,0,0,1,0
1459,51,25,33,1,1.4,3,0,0,0,0,0,1,1,0
1460,47,20,38,3,2.5,2,0,1,0,0,0,0,0,0
1461,40,16,85,4,0.2,3,0,0,0,0,0,1,1,0
1462,54,28,48,1,0.2,1,1,0,0,0,0,1,0,0
1463,47,21,15,4,0.6,3,0,0,77,0,0,1,0,0
1464,35,10,94,1,0,1,1,0,174,0,0,1,0,0
1465,28,4,120,2,0.6,1,1,0,0,0,0,1,0,0
1466,45,19,60,1,0.7,3,0,0,159,0,0,1,0,0
1467,33,9,145,2,4.33,1,1,0,277,0,0,0,1,0
1468,62,36,29,2,0.7,3,0,0,0,0,0,0,0,0
1469,45,18,78,3,2.67,2,0,1,0,0,0,1,0,0
1470,59,35,59,4,1.2,2,0,1,0,0,0,1,0,0
1471,58,28,80,2,4.5,3,0,0,0,0,0,0,1,0
1472,52,26,180,1,1,1,1,0,0,0,0,1,1,0
1473,34,8,8,3,0.1,2,0,1,83,0,0,1,0,0
1474,65,35,23,1,1.5,3,0,0,0,0,0,1,0,0
1475,48,23,79,2,3.8,3,0,0,0,0,0,1,0,0
1476,44,19,78,2,3.8,3,0,0,268,0,0,0,0,0
1477,61,37,64,1,0,2,0,1,0,0,0,0,1,0
1478,40,14,64,4,0.2,3,0,0,0,0,0,1,1,0
1479,65,39,160,4,3.8,1,1,0,237,0,0,1,0,1
1480,28,4,43,1,1,3,0,0,102,0,0,0,0,0
1481,67,42,32,1,1.1,3,0,0,0,0,0,0,1,0
1482,35,9,179,2,0,1,1,0,76,1,0,1,0,0
1483,60,35,8,1,0.1,1,1,0,0,0,0,1,0,0
1484,58,32,63,1,1.6,1,1,0,0,1,0,1,0,0
1485,55,30,40,2,2.3,3,0,0,0,1,0,1,0,0
1486,34,9,99,4,2.2,2,0,1,155,0,0,1,0,0
1487,35,9,141,2,4.5,2,0,1,0,0,0,0,0,1
1488,28,4,159,1,1.5,1,1,0,0,0,0,1,1,0
1489,38,12,39,2,0.3,1,1,0,174,0,0,1,0,0
1490,62,38,99,4,1.7,2,0,1,0,0,0,0,0,0
1491,30,4,18,4,0.3,2,0,1,0,0,0,1,1,0
1492,38,12,38,2,0.3,1,1,0,0,0,0,1,1,0
1493,33,8,133,1,0,1,1,0,0,0,0,1,0,0
1494,58,34,84,2,2.8,1,1,0,0,0,0,1,1,0
1495,59,35,60,1,0,2,0,1,0,0,0,1,1,0
1496,52,28,178,3,5.4,3,0,0,147,0,0,1,0,1
1497,36,12,18,1,0.5,3,0,0,0,0,0,0,1,0
1498,45,21,73,1,0.8,3,0,0,0,0,0,1,0,0
1499,49,23,125,1,7.3,1,1,0,0,0,0,0,0,0
1500,52,26,91,1,4.3,2,0,1,0,0,1,1,1,1
1501,54,28,74,2,1.1,1,1,0,0,0,0,1,0,0
1502,30,4,35,2,0.3,2,0,1,0,1,0,0,1,0
1503,65,39,113,1,2,1,1,0,0,0,0,1,1,0
1504,34,8,52,4,2.2,2,0,1,0,0,0,0,0,0
1505,30,6,191,2,4.4,2,0,1,0,0,0,1,0,1
1506,51,25,18,1,0.3,3,0,0,93,0,0,0,1,0
1507,52,27,25,2,0,1,1,0,0,0,0,1,1,0
1508,43,18,50,4,1.9,3,0,0,0,0,0,0,0,0
1509,35,10,75,4,0.7,3,0,0,0,0,0,1,1,0
1510,56,26,92,2,4.5,3,0,0,0,1,0,0,1,0
1511,57,32,33,2,2,2,0,1,0,0,0,1,0,0
1512,58,32,65,3,2.2,3,0,0,0,0,0,0,0,0
1513,53,28,44,3,1.7,1,1,0,0,0,0,0,0,0
1514,45,21,183,2,1.4,1,1,0,354,0,0,0,0,0
1515,44,20,175,2,1.4,1,1,0,0,0,0,1,1,0
1516,54,28,28,4,1.5,3,0,0,0,0,0,1,1,0
1517,41,17,49,4,2.2,2,0,1,0,0,0,0,0,0
1518,52,26,45,4,1.8,1,1,0,0,0,0,1,0,0
1519,43,17,64,4,3,3,0,0,221,0,0,1,0,1
1520,63,38,22,3,0.1,3,0,0,90,0,0,1,0,0
1521,54,30,120,1,7.4,1,1,0,119,0,0,1,1,0
1522,33,8,175,2,6.7,1,1,0,102,0,0,1,0,0
1523,25,0,101,4,2.3,3,0,0,256,0,0,0,1,0
1524,41,16,104,1,1,3,0,0,0,0,0,1,0,0
1525,40,16,155,4,0.1,3,0,0,0,0,1,1,1,1
1526,43,18,58,1,2.4,1,1,0,0,0,0,0,0,0
1527,36,10,80,4,2.2,2,0,1,0,0,0,1,0,0
1528,57,33,45,1,1.8,3,0,0,195,0,0,0,0,0
1529,34,9,134,1,4.6,1,1,0,164,1,0,1,0,0
1530,38,14,58,4,2,3,0,0,153,1,0,0,0,0
1531,47,21,20,1,0.2,1,1,0,0,0,0,1,1,0
1532,39,13,25,4,1.5,3,0,0,0,0,0,1,0,0
1533,45,20,55,1,0.3,1,1,0,0,0,0,1,1,0
1534,62,37,155,1,1.3,1,1,0,0,0,0,0,0,0
1535,59,34,30,1,1.3,1,1,0,0,0,0,1,1,0
1536,61,37,39,4,0.4,1,1,0,0,0,0,1,1,0
1537,36,12,73,4,2,3,0,0,188,0,0,1,0,0
1538,58,34,41,4,1.3,1,1,0,0,0,0,1,0,0
1539,55,30,34,4,0.1,3,0,0,157,0,0,1,0,0
1540,29,5,21,3,0.9,3,0,0,119,0,0,0,0,0
1541,34,8,11,4,0.3,1,1,0,0,1,1,1,1,0
1542,61,35,154,2,6.9,1,1,0,0,0,0,0,0,0
1543,50,20,19,4,0.4,3,0,0,0,0,0,0,0,0
1544,52,26,101,2,2.4,2,0,1,0,0,0,1,0,0
1545,39,15,24,1,1,1,1,0,116,0,0,1,1,0
1546,55,29,131,2,2.7,1,1,0,0,1,0,0,0,0
1547,33,9,105,1,4,1,1,0,0,0,0,1,0,0
1548,47,21,52,1,1.2,2,0,1,194,0,0,0,0,0
1549,57,32,21,4,0.9,2,0,1,113,1,0,0,0,0
1550,57,31,45,3,1.4,1,1,0,198,0,0,1,0,0
1551,40,14,39,1,2,1,1,0,0,0,0,1,0,0
1552,50,25,192,2,2.8,1,1,0,238,0,0,0,1,0
1553,29,5,195,1,4.3,1,1,0,0,0,0,0,0,0
1554,46,22,83,3,0.7,1,1,0,0,0,0,0,0,0
1555,42,15,34,3,1,2,0,1,0,1,0,1,0,0
1556,59,33,49,4,1.7,2,0,1,104,0,0,1,0,0
1557,31,1,60,4,4,3,0,0,244,0,0,0,0,0
1558,51,25,41,4,1.8,1,1,0,0,0,0,0,0,0
1559,35,10,72,3,2.3,1,1,0,285,0,0,0,0,0
1560,59,35,102,4,3,2,0,1,115,0,0,1,0,1
1561,35,10,31,3,1.3,1,1,0,0,0,0,0,0,0
1562,46,20,73,1,1.5,2,0,1,128,0,0,1,0,0
1563,34,9,89,1,0,1,1,0,0,0,0,1,0,0
1564,55,29,19,4,0.7,3,0,0,121,1,0,0,1,0
1565,64,40,63,4,1.2,2,0,1,0,0,0,1,0,0
1566,34,9,104,3,1.2,3,0,0,0,0,0,1,0,0
1567,61,35,40,1,0.8,2,0,1,128,0,0,1,0,0
1568,63,39,92,2,0,3,0,0,0,0,0,1,0,0
1569,59,33,72,2,0.7,2,0,1,226,0,0,0,0,0
1570,51,27,44,3,1.9,2,0,1,141,0,0,0,0,0
1571,41,16,114,4,3.5,1,1,0,0,0,0,0,1,1
1572,37,13,73,4,2.4,1,1,0,0,0,0,0,0,0
1573,64,40,63,4,1.2,2,0,1,0,1,0,0,1,0
1574,44,20,69,1,0.8,3,0,0,184,0,1,1,1,0
1575,62,37,42,3,1.5,1,1,0,0,0,0,1,0,0
1576,50,26,88,1,2.7,1,1,0,0,0,0,1,0,0
1577,43,18,98,2,0.4,1,1,0,0,0,0,1,0,0
1578,34,8,65,1,3,1,1,0,227,0,0,1,0,1
1579,38,13,12,2,0.3,2,0,1,104,1,0,1,0,0
1580,29,5,122,4,3,1,1,0,0,0,0,0,1,1
1581,39,14,12,2,0,3,0,0,0,0,0,0,0,0
1582,53,29,24,2,0.2,1,1,0,0,0,0,0,1,0
1583,43,19,170,4,4.25,1,1,0,318,0,1,1,1,1
1584,61,36,184,4,2.3,2,0,1,342,0,1,1,1,1
1585,46,20,25,4,0.6,3,0,0,125,0,0,0,0,0
1586,57,31,131,2,2.7,1,1,0,0,0,0,0,0,0
1587,59,33,50,2,2.3,3,0,0,0,0,0,0,1,0
1588,52,28,21,2,0.4,1,1,0,0,1,0,1,0,0
1589,29,3,55,3,1.1,2,0,1,0,0,0,1,0,0
1590,57,32,124,1,0.2,2,0,1,0,0,0,1,0,1
1591,49,23,58,4,2.6,1,1,0,188,0,0,0,0,0
1592,39,13,72,2,2.8,1,1,0,0,0,0,1,0,0
1593,56,31,192,1,7,3,0,0,0,0,1,1,0,1
1594,63,38,83,3,1.8,2,0,1,0,0,0,1,0,0
1595,37,12,93,1,2.8,1,1,0,0,1,0,1,0,0
1596,56,26,38,3,1,3,0,0,110,1,0,1,0,0
1597,45,20,55,4,1.9,3,0,0,164,1,0,0,0,0
1598,66,41,11,3,0.1,3,0,0,0,1,0,0,1,0
1599,40,15,85,2,0.4,1,1,0,0,1,0,0,0,0
1600,50,24,124,1,4.9,1,1,0,266,0,0,1,0,0
1601,60,36,129,2,6,1,1,0,0,0,0,1,0,0
1602,31,7,180,1,4.3,1,1,0,0,0,0,0,0,0
1603,40,14,74,4,1.4,2,0,1,0,0,0,1,0,0
1604,36,6,138,1,7,3,0,0,86,0,0,1,0,1
1605,55,29,111,2,3.6,3,0,0,0,0,0,0,1,1
1606,54,28,83,3,0.8,1,1,0,0,0,0,1,0,0
1607,35,10,33,4,1.7,1,1,0,87,0,0,1,0,0
1608,55,29,21,4,0.7,3,0,0,0,0,0,0,0,0
1609,36,10,35,2,0.3,1,1,0,98,0,0,1,0,0
1610,66,41,105,1,0.8,3,0,0,0,1,1,1,1,0
1611,38,14,103,1,0.8,2,0,1,0,0,0,0,1,0
1612,58,32,75,2,2.3,3,0,0,0,0,0,0,0,0
1613,41,17,33,1,0.7,1,1,0,104,0,0,0,0,0
1614,60,34,52,4,1.7,2,0,1,0,1,0,1,0,0
1615,47,23,89,1,2.6,2,0,1,0,1,1,1,1,0
1616,62,36,63,1,2.5,3,0,0,0,0,0,0,0,0
1617,48,23,84,4,3.1,2,0,1,0,1,1,1,0,1
1618,61,36,44,4,2.1,1,1,0,0,0,0,0,0,0
1619,29,3,29,3,1,1,1,0,0,0,0,1,1,0
1620,45,21,29,1,0.3,3,0,0,0,0,0,1,0,0
1621,39,14,22,2,0.3,2,0,1,0,0,0,1,0,0
1622,31,6,53,4,2.2,1,1,0,114,0,0,1,0,0
1623,39,14,24,2,0.3,2,0,1,0,0,0,1,0,0
1624,63,38,153,1,1.3,1,1,0,455,0,0,0,0,0
1625,28,2,31,2,0.3,2,0,1,0,1,0,1,0,0
1626,56,30,21,2,0.7,2,0,1,0,0,0,1,0,0
1627,31,6,180,2,6.7,1,1,0,0,0,0,0,0,0
1628,46,20,82,3,0.7,2,0,1,0,0,0,1,1,0
1629,42,18,90,4,0.8,1,1,0,245,1,0,0,0,0
1630,53,29,154,4,7.4,3,0,0,0,0,0,0,0,1
1631,41,17,99,2,1.8,2,0,1,0,0,0,1,1,0
1632,61,36,153,1,2.6,2,0,1,0,1,1,0,1,1
1633,31,5,93,2,3.1,2,0,1,0,0,0,1,0,1
1634,62,38,53,1,0,2,0,1,0,0,0,0,0,0
1635,59,34,18,3,1.3,2,0,1,104,0,1,1,1,0
1636,49,24,70,1,2.9,1,1,0,0,0,0,0,0,0
1637,65,39,100,4,1.7,3,0,0,0,0,0,0,1,0
1638,30,6,193,3,6.3,3,0,0,0,0,0,1,0,1
1639,32,7,125,1,0,1,1,0,0,0,0,1,1,0
1640,56,31,68,2,0,3,0,0,0,1,0,1,0,0
1641,36,10,55,1,2,1,1,0,95,0,0,1,0,0
1642,58,34,152,4,3.6,3,0,0,0,0,0,0,0,1
1643,27,3,84,3,1.5,1,1,0,0,0,0,1,1,0
1644,41,16,13,2,0,3,0,0,0,0,0,1,0,0
1645,59,35,33,4,0.4,1,1,0,131,0,0,0,1,0
1646,56,32,89,4,1,2,0,1,90,1,0,1,0,0
1647,52,26,93,1,2.4,1,1,0,0,0,0,1,0,0
1648,35,5,68,4,1.8,3,0,0,0,0,0,0,0,0
1649,47,21,85,2,1.7,2,0,1,0,0,0,0,1,0
1650,29,4,73,1,0.8,2,0,1,0,0,0,1,0,0
1651,31,6,83,4,2.2,2,0,1,106,0,0,1,0,0
1652,62,36,158,2,6.3,3,0,0,0,0,0,1,0,1
1653,48,18,182,4,6,3,0,0,0,0,0,1,0,1
1654,26,1,24,2,0.9,3,0,0,123,0,0,0,1,0
1655,60,34,102,2,2,1,1,0,0,0,0,1,1,0
1656,35,11,53,3,2.8,1,1,0,0,0,0,0,0,0
1657,40,15,175,2,3.3,1,1,0,0,0,0,1,0,0
1658,31,5,28,3,1,1,1,0,0,0,0,1,0,0
1659,50,25,14,4,0.8,1,1,0,0,0,0,1,0,0
1660,33,7,139,1,4,3,0,0,106,0,1,1,1,1
1661,37,11,34,3,0.9,1,1,0,0,0,0,1,0,0
1662,38,14,64,1,1.5,3,0,0,0,0,0,0,1,0
1663,63,38,84,4,0.1,2,0,1,0,0,0,0,0,0
1664,57,32,42,3,0.5,2,0,1,0,1,0,1,0,0
1665,61,35,63,1,1.6,1,1,0,0,0,0,1,0,0
1666,37,12,100,3,1.2,3,0,0,341,0,0,1,1,0
1667,51,25,190,2,4.2,2,0,1,0,0,0,1,0,1
1668,44,20,22,1,1,1,1,0,91,0,0,0,0,0
1669,63,37,20,1,0.8,2,0,1,0,1,0,0,1,0
1670,43,18,21,2,1.4,2,0,1,0,0,0,1,1,0
1671,38,14,25,4,0.4,2,0,1,101,0,0,1,0,0
1672,34,9,20,4,1.1,3,0,0,0,0,0,1,0,0
1673,48,23,173,3,0.2,1,1,0,0,0,1,1,1,1
1674,29,5,81,2,2.5,1,1,0,0,0,0,0,1,0
1675,37,11,139,2,0.8,2,0,1,421,0,0,1,0,1
1676,60,35,119,2,3.9,1,1,0,0,1,0,1,0,0
1677,46,20,74,4,2.6,3,0,0,104,0,0,1,0,0
1678,34,10,42,1,1.5,2,0,1,131,0,0,0,0,0
1679,56,30,73,2,1.1,1,1,0,0,0,0,0,0,0
1680,57,31,114,4,5.2,1,1,0,0,1,1,1,0,1
1681,62,36,44,2,1,3,0,0,0,0,0,0,0,0
1682,32,8,141,2,4.33,1,1,0,0,0,0,0,0,0
1683,51,26,14,2,0,1,1,0,103,0,0,1,0,0
1684,55,29,33,2,0.4,3,0,0,0,0,0,0,0,0
1685,60,34,83,2,2,1,1,0,249,0,0,0,0,0
1686,40,16,89,4,0.8,1,1,0,155,0,0,1,0,0
1687,62,38,39,4,2.2,1,1,0,0,1,0,1,0,0
1688,63,39,83,3,2,3,0,0,0,0,0,1,1,0
1689,60,34,108,2,2,1,1,0,359,0,0,1,0,0
1690,59,34,21,3,1.3,2,0,1,0,0,0,1,1,0
1691,26,1,102,1,1.9,1,1,0,0,0,0,0,0,0
1692,56,32,48,1,1.6,3,0,0,0,0,0,0,1,0
1693,58,32,32,3,1.4,1,1,0,0,0,0,1,0,0
1694,57,31,43,1,0.2,1,1,0,0,0,0,0,0,0
1695,48,23,35,4,0.4,2,0,1,118,0,0,0,0,0
1696,30,6,184,1,6,1,1,0,0,0,0,1,0,0
1697,45,21,140,2,7.6,1,1,0,132,0,0,0,0,0
1698,64,38,32,3,0.7,2,0,1,0,0,0,1,1,0
1699,44,20,149,1,1.7,1,1,0,0,0,0,1,0,0
1700,51,25,15,4,0.6,3,0,0,0,0,0,0,1,0
1701,43,16,71,3,2.33,2,0,1,0,0,0,0,0,0
1702,29,3,108,4,1.8,2,0,1,0,0,0,0,0,0
1703,56,30,122,2,0.5,1,1,0,0,0,0,0,1,0
1704,65,41,40,3,0.1,3,0,0,0,0,0,1,0,0
1705,46,22,198,2,6.67,1,1,0,0,0,0,0,1,0
1706,48,24,79,4,1.4,2,0,1,0,1,0,0,1,0
1707,56,31,84,1,0.1,3,0,0,0,0,0,1,0,0
1708,61,37,31,3,0.4,2,0,1,0,0,0,0,1,0
1709,46,20,12,4,0.6,3,0,0,0,0,0,0,1,0
1710,58,34,88,2,1.6,1,1,0,0,0,0,1,1,0
1711,31,5,29,2,0.3,2,0,1,131,0,0,1,1,0
1712,27,3,201,1,6.33,1,1,0,158,0,0,1,0,0
1713,44,20,20,1,1.4,3,0,0,0,0,0,0,0,0
1714,44,20,15,1,1,1,1,0,0,0,0,1,0,0
1715,51,27,155,2,0.4,1,1,0,107,0,0,0,1,0
1716,39,13,25,3,0.2,2,0,1,0,0,0,1,0,0
1717,32,8,200,2,6.5,1,1,0,565,0,0,1,0,0
1718,33,7,101,1,2.7,2,0,1,233,0,0,0,0,0
1719,40,16,19,4,0.4,2,0,1,0,0,0,1,1,0
1720,36,12,188,2,6.5,1,1,0,0,0,0,1,1,0
1721,52,28,8,1,0.3,1,1,0,0,0,0,1,0,0
1722,54,29,59,2,2.3,3,0,0,152,0,0,1,0,0
1723,26,2,72,4,2.6,1,1,0,0,1,1,1,0,0
1724,39,15,55,1,1.5,3,0,0,0,0,0,1,0,0
1725,46,19,24,3,0.67,2,0,1,0,0,0,1,0,0
1726,57,32,19,1,1.3,1,1,0,0,0,0,1,0,0
1727,59,33,71,2,2.3,3,0,0,150,0,0,1,1,0
1728,52,26,54,2,1.5,2,0,1,0,0,0,0,1,0
1729,52,26,28,1,0.3,3,0,0,0,0,0,1,0,0
1730,50,20,25,4,0.4,3,0,0,0,0,0,1,0,0
1731,41,17,51,2,0.6,3,0,0,0,0,0,0,1,0
1732,43,19,125,3,2.4,1,1,0,0,0,0,1,0,1
1733,25,0,88,2,1.8,2,0,1,319,0,0,1,1,0
1734,40,16,125,2,2.2,1,1,0,0,0,0,1,0,0
1735,35,10,79,4,2.1,3,0,0,182,0,0,1,0,0
1736,60,36,31,3,0.4,2,0,1,0,0,0,1,1,0
1737,57,31,131,2,2.7,1,1,0,394,0,0,0,1,0
1738,44,19,70,1,0.2,2,0,1,230,1,0,0,0,0
1739,61,36,38,3,0.9,3,0,0,82,0,0,1,1,0
1740,33,7,83,1,2.5,1,1,0,0,1,1,1,1,0
1741,45,20,59,1,2.4,1,1,0,0,1,1,1,0,0
1742,45,21,121,1,4.7,1,1,0,0,0,0,0,0,0
1743,64,38,42,2,0.7,3,0,0,137,0,0,1,0,0
1744,50,24,32,4,1.8,1,1,0,109,0,0,1,0,0
1745,28,3,29,4,0.8,1,1,0,135,0,0,1,0,0
1746,37,12,40,2,1.1,2,0,1,0,1,0,0,1,0
1747,62,36,25,3,0.3,3,0,0,0,0,0,1,1,0
1748,29,5,21,4,0.4,2,0,1,89,0,0,0,1,0
1749,49,23,79,3,0.7,2,0,1,151,0,0,1,0,0
1750,46,22,52,2,2.1,3,0,0,221,0,0,0,0,0
1751,60,34,61,4,1.7,2,0,1,229,0,0,0,0,0
1752,55,31,25,2,0.2,1,1,0,0,0,0,0,0,0
1753,33,8,155,1,7.4,3,0,0,0,0,0,0,0,1
1754,53,29,25,2,0.4,1,1,0,0,0,0,1,0,0
1755,50,24,80,4,4.9,1,1,0,0,0,0,1,0,0
1756,28,3,55,4,1.7,2,0,1,0,0,0,1,1,0
1757,42,17,23,2,0,3,0,0,0,0,0,0,0,0
1758,33,9,60,1,1.2,1,1,0,0,0,0,1,1,0
1759,40,14,54,2,0.7,1,1,0,0,0,0,0,0,0
1760,31,6,44,4,0.8,1,1,0,0,0,0,0,0,0
1761,41,16,33,4,0,2,0,1,0,0,0,1,0,0
1762,52,27,45,2,2,2,0,1,121,0,0,0,1,0
1763,65,35,55,4,1.67,3,0,0,89,0,0,1,1,0
1764,48,24,134,1,5,1,1,0,0,0,0,0,1,0
1765,45,21,44,3,0.6,2,0,1,0,0,0,1,0,0
1766,26,0,149,2,7.2,1,1,0,154,0,0,0,0,0
1767,64,38,22,2,0.2,3,0,0,0,1,0,0,0,0
1768,41,14,74,3,2.33,2,0,1,0,0,0,1,0,0
1769,43,18,128,4,5.3,1,1,0,84,0,0,0,0,1
1770,60,36,62,4,2.2,1,1,0,0,0,0,0,0,0
1771,62,37,9,1,0.1,1,1,0,94,0,0,0,0,0
1772,46,21,9,2,0.7,3,0,0,0,0,0,1,0,0
1773,36,11,15,2,0.3,2,0,1,119,0,0,0,0,0
1774,31,5,28,4,0.8,1,1,0,0,0,0,0,0,0
1775,43,18,83,3,0.5,3,0,0,0,0,0,0,1,0
1776,46,22,73,1,0.8,3,0,0,117,0,0,0,0,0
1777,50,26,42,4,1.1,2,0,1,151,0,0,1,0,0
1778,52,27,34,2,0.7,2,0,1,114,0,0,1,1,0
1779,27,3,32,3,1,2,0,1,0,0,0,0,0,0
1780,34,9,68,1,2.8,1,1,0,0,0,0,1,0,0
1781,49,24,82,1,2.9,1,1,0,267,0,0,1,0,0
1782,52,26,19,2,0.7,2,0,1,0,0,0,0,1,0
1783,37,11,60,2,2.8,1,1,0,181,0,0,0,1,0
1784,53,27,192,1,1.7,1,1,0,601,0,0,1,0,0
1785,54,29,119,3,2,1,1,0,0,1,1,0,0,1
1786,29,3,190,2,4.5,1,1,0,0,0,0,1,0,0
1787,35,11,34,1,1.5,2,0,1,0,0,0,0,0,0
1788,32,6,44,4,0.2,1,1,0,0,1,1,1,1,0
1789,38,13,23,4,0.2,3,0,0,0,0,0,1,0,0
1790,44,20,171,4,0.7,1,1,0,567,0,1,1,1,1
1791,44,20,43,1,0.3,3,0,0,0,1,0,0,1,0
1792,48,22,139,1,0,1,1,0,0,0,1,1,1,0
1793,46,20,118,1,5.7,1,1,0,0,0,1,1,1,0
1794,35,9,113,3,0.8,3,0,0,0,0,0,1,0,1
1795,56,32,98,3,3.9,3,0,0,0,0,0,0,0,1
1796,49,24,70,1,2.9,1,1,0,0,0,0,0,1,0
1797,57,32,42,2,2.1,3,0,0,0,0,0,1,0,0
1798,35,10,143,1,8.6,1,1,0,0,0,0,1,1,0
1799,44,20,185,3,2.7,1,1,0,0,0,0,1,0,1
1800,38,14,28,4,0.4,2,0,1,100,0,0,1,0,0
1801,57,33,45,3,1.5,1,1,0,181,1,1,1,1,0
1802,35,10,78,1,2.6,2,0,1,0,0,0,0,0,0
1803,29,3,121,2,1.3,1,1,0,0,0,0,0,0,0
1804,58,32,59,1,1.6,1,1,0,0,0,0,1,0,0
1805,40,16,64,4,2.67,1,1,0,0,1,0,1,0,0
1806,51,26,15,2,0,1,1,0,114,0,0,1,0,0
1807,61,36,10,1,0.1,1,1,0,0,0,0,0,0,0
1808,46,20,61,2,0.4,3,0,0,0,0,0,0,0,0
1809,55,31,50,4,1.5,1,1,0,0,0,0,1,0,0
1810,35,10,79,4,2.1,3,0,0,0,1,0,1,0,0
1811,60,34,35,1,0.2,1,1,0,0,0,0,1,0,0
1812,28,3,11,4,0.5,3,0,0,0,0,0,0,0,0
1813,43,19,128,1,4.7,1,1,0,0,0,0,1,0,0
1814,61,36,55,3,0.9,3,0,0,0,0,0,1,1,0
1815,48,22,79,3,0.7,2,0,1,0,0,0,1,0,0
1816,65,39,18,2,0.4,1,1,0,0,1,1,1,1,0
1817,45,19,91,2,1.7,2,0,1,0,1,0,1,0,0
1818,36,11,9,4,0.2,3,0,0,0,0,0,0,1,0
1819,45,20,62,2,2.2,3,0,0,0,0,0,1,0,0
1820,60,34,59,1,1.6,1,1,0,231,0,0,1,0,0
1821,47,22,25,1,0.1,1,1,0,148,0,0,1,0,0
1822,32,7,54,4,1.3,1,1,0,0,1,0,1,0,0
1823,48,23,112,1,5.1,2,0,1,86,1,1,1,0,1
1824,33,8,125,1,0,1,1,0,0,0,0,1,1,0
1825,49,23,194,4,8.3,2,0,1,0,0,0,0,1,1
1826,56,32,161,1,5.8,3,0,0,0,1,0,0,0,1
1827,59,33,35,1,0.2,1,1,0,171,0,0,0,0,0
1828,56,30,113,2,2.7,1,1,0,352,0,0,0,1,0
1829,30,4,25,2,0.3,2,0,1,0,0,0,0,0,0
1830,59,29,45,3,2,3,0,0,0,0,0,1,0,0
1831,38,13,119,2,7.8,1,1,0,221,0,0,0,0,0
1832,47,22,30,4,0.4,2,0,1,115,0,0,1,1,0
1833,54,29,79,4,3.8,2,0,1,0,1,0,1,0,0
1834,34,9,178,1,0.8,3,0,0,0,0,0,0,0,1
1835,41,16,23,2,0.3,2,0,1,118,0,0,0,0,0
1836,47,23,171,2,1.4,1,1,0,284,0,0,1,1,0
1837,44,19,74,4,1.9,3,0,0,0,0,0,0,0,0
1838,43,18,103,3,1,1,1,0,180,0,0,1,1,0
1839,31,7,99,1,4,1,1,0,0,0,0,1,0,0
1840,28,2,43,4,1.3,3,0,0,0,0,0,1,1,0
1841,55,25,23,4,0.4,3,0,0,88,0,0,0,0,0
1842,42,17,91,1,0.1,2,0,1,199,0,0,1,1,0
1843,53,29,93,1,2.7,2,0,1,256,0,0,1,0,0
1844,30,6,154,1,6,1,1,0,0,0,0,0,0,0
1845,65,40,21,3,0.1,3,0,0,0,0,0,0,1,0
1846,43,18,65,2,2.2,3,0,0,0,0,0,1,0,0
1847,56,32,15,1,0.1,2,0,1,0,0,0,1,0,0
1848,25,0,52,3,2.6,3,0,0,159,0,0,0,0,0
1849,35,10,30,3,1.3,1,1,0,0,1,1,1,1,0
1850,50,26,42,1,1.6,2,0,1,0,0,0,1,0,0
1851,36,10,20,4,0.3,1,1,0,97,0,0,1,0,0
1852,34,8,60,4,2.2,2,0,1,0,0,0,0,1,0
1853,32,6,54,4,1.8,3,0,0,167,0,0,0,0,0
1854,51,25,60,4,2.6,1,1,0,97,0,0,1,0,0
1855,52,25,41,3,1,2,0,1,0,0,0,1,0,0
1856,65,39,30,3,0.7,2,0,1,0,0,0,1,1,0
1857,51,24,21,2,1,2,0,1,0,0,0,1,0,0
1858,37,13,105,1,0.8,2,0,1,0,0,0,0,1,0
1859,35,11,65,3,2.8,1,1,0,240,0,0,1,0,0
1860,67,41,20,2,0.4,1,1,0,80,0,0,0,0,0
1861,30,6,179,3,4.9,1,1,0,142,0,0,1,0,1
1862,62,38,161,1,2.9,1,1,0,0,1,1,1,1,0
1863,42,17,82,1,3.7,3,0,0,0,0,0,1,0,0
1864,48,22,43,1,1.2,2,0,1,112,0,0,1,0,0
1865,61,36,61,2,2.8,1,1,0,0,0,0,0,0,0
1866,36,6,90,4,1.8,3,0,0,0,1,0,0,0,0
1867,48,24,90,1,2.6,2,0,1,334,0,0,1,0,0
1868,65,39,21,2,0.4,1,1,0,0,0,0,0,0,0
1869,25,1,118,1,5.4,1,1,0,0,0,0,1,1,0
1870,55,30,44,2,2,2,0,1,0,0,0,1,0,0
1871,63,37,110,1,4.1,3,0,0,0,0,0,0,0,1
1872,31,5,99,4,1.8,2,0,1,268,0,0,0,0,0
1873,43,17,98,3,1.1,1,1,0,0,0,0,0,0,0
1874,28,4,69,3,0.7,2,0,1,80,0,0,1,0,0
1875,37,11,82,3,0.9,2,0,1,218,0,0,1,1,0
1876,27,3,112,3,2.5,1,1,0,389,1,0,1,0,0
1877,62,38,123,1,2.9,1,1,0,0,0,0,0,0,0
1878,51,24,78,1,2.67,2,0,1,0,0,0,1,0,0
1879,56,30,59,3,0.8,1,1,0,159,1,0,1,0,0
1880,56,30,78,3,1.7,2,0,1,0,0,0,0,0,0
1881,44,19,49,4,1.9,3,0,0,89,0,0,1,0,0
1882,46,19,82,3,2.67,2,0,1,0,0,0,0,0,0
1883,56,32,125,3,0.6,1,1,0,342,0,1,1,1,1
1884,56,30,185,1,2.9,1,1,0,0,0,0,0,0,0
1885,57,33,163,1,7.4,1,1,0,0,0,0,1,0,0
1886,31,6,19,4,1.1,3,0,0,104,0,1,1,1,0
1887,65,41,115,4,1.7,2,0,1,0,0,0,0,0,0
1888,31,7,81,2,2,2,0,1,0,0,1,1,1,0
1889,36,10,93,1,2.8,3,0,0,0,0,0,1,0,0
1890,56,30,111,4,0.3,1,1,0,372,1,1,1,0,1
1891,52,27,184,1,8.1,1,1,0,0,0,0,0,0,0
1892,42,18,50,4,2.2,2,0,1,0,0,0,0,0,0
1893,55,30,55,3,1.7,1,1,0,0,0,0,0,1,0
1894,49,24,13,1,0.4,3,0,0,101,1,0,0,0,0
1895,51,25,29,4,0.1,1,1,0,0,0,0,1,1,0
1896,26,2,72,4,2.6,1,1,0,0,0,0,1,0,0
1897,32,7,83,1,2.6,2,0,1,0,1,0,0,1,0
1898,54,29,98,1,0.1,3,0,0,0,0,0,0,0,0
1899,50,24,43,4,0.1,1,1,0,0,0,0,1,0,0
1900,59,33,34,1,0.2,1,1,0,0,0,0,1,0,0
1901,61,36,10,4,0.4,2,0,1,0,0,0,1,0,0
1902,43,19,201,2,6.67,1,1,0,0,1,0,1,0,0
1903,39,14,85,3,1.2,3,0,0,107,0,0,1,1,0
1904,56,26,50,3,1.4,3,0,0,0,0,0,0,0,0
1905,38,14,91,2,0,1,1,0,0,0,0,1,0,0
1906,25,0,112,2,2,1,1,0,241,0,0,1,0,0
1907,42,17,98,2,0.4,1,1,0,275,0,0,1,0,0
1908,42,18,115,1,0.3,1,1,0,0,0,0,0,0,0
1909,50,26,22,4,0.5,2,0,1,112,0,0,1,0,0
1910,56,30,101,3,1.7,2,0,1,0,0,0,0,1,0
1911,43,18,83,2,3.8,3,0,0,112,0,0,0,0,0
1912,60,35,52,3,0.5,2,0,1,0,0,0,0,0,0
1913,42,16,191,3,4.8,2,0,1,0,1,1,1,0,1
1914,57,33,134,4,0.9,1,1,0,198,0,0,1,0,1
1915,48,24,54,1,1.6,2,0,1,186,0,0,1,0,0
1916,37,11,69,3,2.1,1,1,0,0,1,0,0,0,0
1917,57,32,64,3,1.6,3,0,0,0,0,0,1,0,0
1918,62,32,53,4,1.67,3,0,0,142,0,0,0,0,0
1919,39,9,118,2,6,3,0,0,246,0,1,1,1,1
1920,38,13,19,2,1.4,2,0,1,120,0,0,0,1,0
1921,54,28,31,2,0.4,3,0,0,0,0,0,0,0,0
1922,45,21,63,1,0.8,3,0,0,245,0,0,1,1,0
1923,39,15,25,1,1.4,3,0,0,0,0,0,0,0,0
1924,45,19,22,1,0.2,1,1,0,0,0,0,1,0,0
1925,62,38,78,1,1.8,3,0,0,0,0,0,0,0,0
1926,43,19,81,1,0.3,1,1,0,218,0,0,1,0,0
1927,30,6,41,1,2.4,2,0,1,0,0,0,1,0,0
1928,35,10,62,3,2.3,1,1,0,0,0,0,0,0,0
1929,58,34,35,1,1.2,3,0,0,0,0,0,1,0,0
1930,44,19,30,1,0.6,3,0,0,0,0,0,1,0,0
1931,56,29,51,3,1,2,0,1,0,0,0,1,0,0
1932,28,2,140,2,2,1,1,0,0,0,0,1,0,0
1933,64,39,73,3,2.4,1,1,0,185,0,0,0,0,0
1934,63,39,40,4,1.2,2,0,1,0,0,0,1,0,0
1935,44,20,69,1,0.8,3,0,0,0,0,0,1,1,0
1936,34,9,191,1,4.8,3,0,0,0,0,1,1,1,1
1937,50,24,82,3,3,2,0,1,0,0,0,1,0,0
1938,51,25,181,1,3.3,3,0,0,589,1,1,1,0,1
1939,30,4,38,1,1.9,3,0,0,0,0,0,1,0,0
1940,55,31,23,2,0.2,1,1,0,0,0,0,1,0,0
1941,57,33,55,1,1.8,3,0,0,0,0,0,1,0,0
1942,43,19,58,2,3.2,1,1,0,0,0,0,1,0,0
1943,61,36,29,2,0.5,2,0,1,0,0,0,1,0,0
1944,49,23,39,4,2.6,1,1,0,0,0,0,0,0,0
1945,52,28,39,3,1.9,2,0,1,83,0,1,1,1,0
1946,57,33,30,3,1.5,1,1,0,151,1,0,1,0,0
1947,53,23,58,4,2,3,0,0,0,0,0,1,1,0
1948,52,28,62,1,1.8,3,0,0,231,0,0,1,0,0
1949,39,15,62,4,2.4,1,1,0,86,0,0,0,0,0
1950,58,34,19,1,1.2,3,0,0,0,0,0,0,0,0
1951,36,12,38,1,1.5,2,0,1,0,0,0,0,0,0
1952,45,21,84,4,2,3,0,0,0,0,0,1,1,0
1953,30,5,78,1,2.6,2,0,1,0,0,0,1,0,0
1954,49,25,22,4,0.2,1,1,0,83,0,0,1,0,0
1955,44,20,81,4,2,3,0,0,277,0,0,1,0,0
1956,43,17,32,3,0.5,2,0,1,0,0,0,1,0,0
1957,42,18,89,4,0.8,1,1,0,184,0,0,0,0,0
1958,29,4,121,2,3.3,1,1,0,0,0,0,1,0,0
1959,28,2,42,1,1.5,1,1,0,0,0,0,1,1,0
1960,50,24,130,1,1,1,1,0,0,0,0,0,0,0
1961,44,19,30,4,0,2,0,1,0,0,0,1,0,0
1962,52,26,114,1,4.9,1,1,0,0,0,0,0,0,0
1963,28,4,155,1,6.33,1,1,0,0,0,0,0,0,0
1964,62,38,50,2,1.1,1,1,0,0,0,0,0,1,0
1965,34,10,34,1,1.5,2,0,1,111,0,0,0,1,0
1966,45,20,94,3,0.5,3,0,0,0,0,0,1,0,0
1967,52,26,114,2,2.4,2,0,1,0,0,0,0,0,0
1968,43,18,89,3,0.5,3,0,0,108,0,0,0,1,0
1969,54,24,49,1,1.4,3,0,0,0,0,0,1,0,0
1970,64,38,115,1,2,1,1,0,0,0,0,1,1,0
1971,27,3,148,1,1.5,1,1,0,397,0,0,1,1,0
1972,42,17,72,4,1.1,2,0,1,203,0,0,0,1,0
1973,28,2,114,4,2.1,3,0,0,0,0,0,1,0,0
1974,47,22,11,2,0,1,1,0,78,0,0,0,0,0
1975,39,13,63,4,0.2,3,0,0,242,0,0,0,0,0
1976,29,3,113,2,0.2,1,1,0,0,0,0,1,1,0
1977,39,13,80,2,1.8,1,1,0,0,0,0,1,0,0
1978,41,15,54,3,0.5,3,0,0,0,0,0,1,1,0
1979,37,11,32,2,1.4,3,0,0,0,1,0,1,0,0
1980,41,17,11,1,1,1,1,0,0,0,0,0,0,0
1981,45,19,141,1,2.4,1,1,0,0,0,0,1,0,0
1982,52,26,84,3,3,2,0,1,0,0,0,1,0,0
1983,58,33,18,3,0.1,2,0,1,110,0,0,1,0,0
1984,31,5,20,2,0.3,1,1,0,0,0,0,0,0,0
1985,26,1,55,4,1.7,2,0,1,175,0,0,1,0,0
1986,31,7,31,4,0.4,2,0,1,79,0,0,0,0,0
1987,42,17,114,2,0.4,1,1,0,0,0,0,0,0,0
1988,56,31,52,3,2,2,0,1,0,1,1,1,1,0
1989,52,28,18,1,0.3,1,1,0,120,0,0,1,0,0
1990,59,35,55,1,1.8,3,0,0,0,1,0,0,0,0
1991,32,8,29,1,0.2,3,0,0,76,0,0,1,1,0
1992,46,22,30,3,0.5,1,1,0,0,0,0,0,0,0
1993,52,28,38,2,0.8,1,1,0,0,0,0,0,1,0
1994,30,5,122,2,3.1,1,1,0,0,0,0,0,0,0
1995,32,8,183,1,6,1,1,0,0,0,0,0,0,0
1996,35,11,41,1,2.4,2,0,1,0,0,0,0,0,0
1997,49,24,38,1,1.4,3,0,0,0,0,0,0,0,0
1998,54,30,61,1,1.8,3,0,0,0,0,0,1,0,0
1999,56,32,103,3,4,3,0,0,0,0,0,0,0,1
2000,48,22,80,2,2.4,2,0,1,0,0,0,1,0,0
2001,28,2,22,1,0.1,2,0,1,0,0,0,1,0,0
2002,44,17,128,2,3.25,2,0,1,0,0,0,0,1,1
2003,30,4,142,3,4.2,1,1,0,359,0,0,0,0,1
2004,44,20,124,1,4.7,1,1,0,0,0,0,1,1,0
2005,30,4,44,1,1.9,3,0,0,143,0,0,0,0,0
2006,47,23,170,2,6.5,2,0,1,0,0,1,1,1,1
2007,64,39,75,4,0.1,2,0,1,0,0,1,1,1,0
2008,48,21,78,3,2,2,0,1,0,0,0,1,1,0
2009,63,38,31,1,1.1,3,0,0,125,0,0,1,0,0
2010,25,0,99,1,1.9,1,1,0,323,0,0,0,0,0
2011,61,36,41,2,1.5,1,1,0,0,0,0,0,0,0
2012,46,21,39,4,0,2,0,1,0,0,0,1,0,0
2013,57,31,51,1,1.4,1,1,0,0,0,0,1,1,0
2014,40,15,52,3,0.8,3,0,0,113,0,0,1,0,0
2015,49,19,169,3,5.67,3,0,0,167,0,1,0,1,1
2016,30,5,141,1,0.8,1,1,0,0,0,0,1,0,0
2017,41,17,93,4,0.8,1,1,0,218,0,0,0,0,0
2018,42,15,14,3,1,2,0,1,0,1,0,0,0,0
2019,63,39,160,2,2.1,1,1,0,0,0,0,1,1,0
2020,43,17,44,1,0.2,1,1,0,0,1,1,1,0,0
2021,59,34,33,3,0.2,1,1,0,0,1,0,0,0,0
2022,46,20,103,4,4.8,3,0,0,0,0,0,1,0,1
2023,33,3,71,4,1.8,3,0,0,236,0,0,0,0,0
2024,55,29,55,1,0.2,1,1,0,151,0,0,1,0,0
2025,36,12,113,4,0.2,1,1,0,0,0,0,0,0,1
2026,47,20,79,3,2,2,0,1,185,1,0,0,0,0
2027,59,33,80,2,0.7,2,0,1,0,0,0,1,0,0
2028,38,12,179,2,0,1,1,0,380,0,0,0,0,0
2029,42,17,9,2,0,3,0,0,0,0,0,0,0,0
2030,30,3,61,4,2,2,0,1,0,0,0,1,0,0
2031,63,38,111,2,3.9,1,1,0,207,1,1,1,1,0
2032,60,35,80,3,0.5,1,1,0,0,0,0,1,0,0
2033,62,37,32,3,0.2,1,1,0,0,1,0,0,1,0
2034,49,23,83,1,0.3,1,1,0,0,0,0,1,1,0
2035,59,33,91,4,1.9,2,0,1,329,0,0,0,0,0
2036,36,10,29,4,1,1,1,0,0,0,0,1,1,0
2037,46,19,19,3,0.67,2,0,1,0,0,0,1,0,0
2038,35,8,52,2,1,2,0,1,0,0,0,0,1,0
2039,50,24,150,1,7.3,1,1,0,0,0,0,1,1,0
2040,51,25,32,2,0.4,3,0,0,0,0,0,1,0,0
2041,41,16,91,3,0.5,3,0,0,0,0,0,0,0,0
2042,45,20,180,3,8.5,2,0,1,535,0,0,0,0,1
2043,41,17,121,1,0.3,1,1,0,0,0,0,1,0,0
2044,57,32,25,2,0.2,3,0,0,0,0,0,1,1,0
2045,51,25,102,1,0.3,1,1,0,0,0,0,1,0,0
2046,52,28,44,4,0.9,2,0,1,107,0,0,1,0,0
2047,43,16,161,3,8,2,0,1,0,0,1,1,1,1
2048,63,38,134,3,4,2,0,1,0,0,0,0,1,1
2049,28,4,43,1,1.8,2,0,1,0,0,0,1,1,0
2050,43,18,94,4,1.1,2,0,1,0,0,0,1,0,0
2051,41,15,29,2,0.8,3,0,0,98,0,0,0,0,0
2052,34,8,38,4,0.2,1,1,0,0,0,0,0,0,0
2053,28,3,120,1,0.8,1,1,0,170,0,0,0,0,0
2054,58,32,85,2,2,1,1,0,161,1,1,1,1,0
2055,39,15,89,2,1.9,1,1,0,0,0,0,0,0,0
2056,49,23,25,1,1.4,3,0,0,0,0,0,1,0,0
2057,33,8,20,3,1.3,1,1,0,83,0,0,0,1,0
2058,37,12,125,2,3.9,1,1,0,0,0,0,1,1,0
2059,33,7,18,1,0.6,3,0,0,0,0,0,0,0,0
2060,28,3,173,2,6.7,1,1,0,222,0,0,1,0,0
2061,54,29,34,4,0.1,3,0,0,0,0,0,1,1,0
2062,63,38,159,4,4.9,2,0,1,111,0,0,0,0,1
2063,57,31,55,3,2.5,1,1,0,219,0,1,1,1,0
2064,56,30,32,2,0.4,3,0,0,0,0,0,1,0,0
2065,54,29,65,4,1.8,3,0,0,0,0,0,0,1,0
2066,29,5,83,3,1.5,1,1,0,0,0,0,1,1,0
2067,41,16,30,2,1.4,2,0,1,0,0,0,0,1,0
2068,58,32,180,1,2.9,1,1,0,0,0,0,0,1,0
2069,61,37,13,2,0.3,3,0,0,0,0,0,1,0,0
2070,30,4,35,4,0.8,1,1,0,0,0,0,1,1,0
2071,62,37,95,3,0.5,1,1,0,0,0,0,0,0,0
2072,52,28,83,1,0,1,1,0,0,0,0,1,0,0
2073,29,3,39,4,0.2,1,1,0,137,0,0,1,1,0
2074,46,20,54,1,0.7,3,0,0,154,0,0,1,1,0
2075,52,27,81,1,1.3,3,0,0,293,0,0,0,1,0
2076,40,16,53,4,2,3,0,0,0,0,0,0,0,0
2077,49,23,119,1,7.3,1,1,0,398,0,0,0,0,0
2078,34,9,160,4,8,3,0,0,0,0,0,0,1,1
2079,35,11,21,2,1,2,0,1,0,0,0,0,0,0
2080,26,2,40,1,1,3,0,0,0,0,0,1,0,0
2081,65,40,69,4,0.1,2,0,1,0,0,0,1,0,0
2082,52,27,45,1,1.3,2,0,1,0,0,0,0,0,0
2083,32,7,55,4,2,2,0,1,0,0,0,1,0,0
2084,31,7,38,1,0.2,3,0,0,0,0,0,1,0,0
2085,36,9,44,4,1,2,0,1,101,1,0,1,0,0
2086,50,24,45,3,0.6,2,0,1,117,0,0,1,0,0
2087,36,12,84,1,0.8,2,0,1,0,0,0,1,1,0
2088,51,27,188,2,6.9,2,0,1,343,0,0,1,0,1
2089,39,9,29,3,2,3,0,0,151,1,0,0,0,0
2090,53,29,95,1,2.7,2,0,1,0,0,0,1,0,0
2091,50,25,79,1,2.9,1,1,0,307,0,0,0,1,0
2092,31,4,41,1,2,2,0,1,0,1,0,1,0,0
2093,53,23,19,4,0.4,3,0,0,84,0,0,1,0,0
2094,48,23,75,4,3.6,3,0,0,0,0,0,1,1,0
2095,57,31,64,3,2.5,1,1,0,208,0,0,0,1,0
2096,47,21,174,4,3.2,3,0,0,0,0,0,0,0,1
2097,55,29,54,2,2.3,3,0,0,93,0,0,0,0,0
2098,37,11,14,3,0.1,2,0,1,113,0,0,1,0,0
2099,59,35,94,1,3.8,1,1,0,272,0,0,0,0,0
2100,53,29,10,2,0.4,1,1,0,0,0,0,0,0,0
2101,31,6,145,1,0.8,1,1,0,84,0,0,1,0,0
2102,35,5,203,1,10,3,0,0,0,0,0,0,0,1
2103,25,0,81,2,1.6,3,0,0,0,0,0,1,1,0
2104,37,13,153,2,6.5,1,1,0,0,0,0,1,1,0
2105,40,14,58,4,0.2,3,0,0,0,0,0,1,0,0
2106,31,5,49,4,1.8,3,0,0,0,0,0,1,1,0
2107,62,38,132,1,2.9,1,1,0,0,0,0,0,0,0
2108,41,17,85,4,0.2,3,0,0,229,0,0,0,0,0
2109,56,32,85,3,2.67,1,1,0,0,1,0,1,0,0
2110,47,23,178,1,6.5,3,0,0,0,0,0,0,0,1
2111,28,4,104,3,2.5,1,1,0,0,0,0,0,0,0
2112,60,34,40,1,1.6,1,1,0,0,0,0,1,0,0
2113,27,2,103,1,1.9,1,1,0,120,0,0,1,0,0
2114,57,33,25,2,1,1,1,0,0,0,0,1,0,0
2115,62,36,69,2,1.7,3,0,0,0,0,0,1,0,0
2116,57,31,30,3,1.4,1,1,0,0,0,0,0,0,0
2117,44,17,70,3,2.67,2,0,1,0,0,0,0,0,0
2118,31,7,15,3,0.9,3,0,0,0,0,0,1,0,0
2119,31,5,125,2,1.3,1,1,0,0,0,0,1,1,0
2120,39,13,50,3,0.5,3,0,0,0,0,0,0,0,0
2121,41,17,44,1,0.3,3,0,0,0,0,0,1,0,0
2122,41,17,38,4,2.2,2,0,1,180,0,0,0,1,0
2123,55,29,64,3,0.8,1,1,0,119,0,0,0,1,0
2124,28,2,9,1,0.1,2,0,1,0,0,0,1,0,0
2125,35,9,44,3,0.9,1,1,0,89,0,0,0,0,0
2126,44,20,93,4,0.8,1,1,0,101,0,0,1,0,0
2127,44,19,83,4,0.4,1,1,0,141,0,0,0,0,0
2128,40,14,179,2,0,1,1,0,0,0,0,0,0,0
2129,65,40,40,1,1.1,3,0,0,0,0,0,0,0,0
2130,35,10,58,4,0.7,3,0,0,232,0,0,0,0,0
2131,55,31,74,3,2.67,1,1,0,0,0,0,0,1,0
2132,55,31,15,1,0.2,1,1,0,0,0,0,0,0,0
2133,59,35,11,2,1,1,1,0,0,0,0,0,1,0
2134,39,15,41,1,2,2,0,1,176,0,0,1,0,0
2135,50,24,68,1,1.5,2,0,1,120,0,0,1,1,0
2136,45,15,28,1,0.75,3,0,0,0,1,0,0,0,0
2137,50,26,115,1,1.2,3,0,0,0,0,0,0,1,1
2138,65,40,83,4,0.1,2,0,1,247,0,0,1,0,0
2139,36,11,40,2,1.1,2,0,1,166,1,0,0,0,0
2140,57,32,113,1,0.1,3,0,0,0,0,0,1,0,0
2141,53,27,89,1,0.8,3,0,0,0,1,0,1,0,0
2142,28,4,38,4,1.6,1,1,0,0,0,0,0,0,0
2143,55,31,62,4,1.5,1,1,0,0,0,0,1,0,0
2144,56,31,65,3,1.7,1,1,0,109,0,0,0,0,0
2145,33,6,168,3,5.67,2,0,1,0,1,1,1,0,1
2146,57,32,40,3,1.7,1,1,0,0,0,0,1,1,0
2147,27,3,30,1,1,3,0,0,80,0,0,0,0,0
2148,27,3,20,4,1,1,1,0,0,0,0,0,0,0
2149,54,30,58,2,3.2,3,0,0,0,0,0,0,0,0
2150,48,22,150,1,7.3,1,1,0,193,0,0,0,0,0
2151,62,38,54,1,0.8,1,1,0,0,1,0,0,1,0
2152,41,16,19,2,0.3,2,0,1,105,0,0,0,0,0
2153,62,38,30,3,0.1,3,0,0,128,0,0,1,0,0
2154,40,14,123,1,5.2,1,1,0,0,0,0,1,0,0
2155,32,8,45,1,2.4,2,0,1,0,0,0,0,0,0
2156,62,38,154,1,2.9,1,1,0,0,0,0,1,0,0
2157,35,11,93,2,2.7,1,1,0,0,0,0,1,1,0
2158,25,0,71,4,0.2,1,1,0,78,1,0,0,0,0
2159,50,25,83,4,3.1,1,1,0,0,0,0,0,1,1
2160,61,35,99,1,4.8,3,0,0,255,0,0,0,1,1
2161,43,17,55,3,2.2,2,0,1,0,0,0,0,0,0
2162,52,28,38,4,0.9,2,0,1,95,0,0,1,1,0
2163,39,13,74,3,0.9,2,0,1,155,0,0,1,0,0
2164,33,3,69,4,1.8,3,0,0,0,0,0,1,0,0
2165,27,3,104,2,2.5,1,1,0,184,1,0,1,0,0
2166,27,0,38,4,1,3,0,0,154,0,0,1,0,0
2167,32,8,25,3,0.9,3,0,0,0,0,0,1,1,0
2168,65,40,162,1,1.3,1,1,0,0,0,0,1,0,0
2169,55,29,64,4,2.6,3,0,0,0,0,0,1,0,0
2170,52,27,30,2,0.7,2,0,1,0,0,0,1,1,0
2171,39,13,52,3,0.5,3,0,0,0,1,0,0,1,0
2172,35,11,42,1,1.5,3,0,0,0,0,0,1,0,0
2173,39,15,79,2,1.8,2,0,1,219,0,0,0,0,0
2174,34,10,34,1,1.7,1,1,0,164,0,0,0,0,0
2175,30,5,123,2,3.1,1,1,0,0,0,0,1,0,0
2176,37,12,160,2,3.3,1,1,0,0,0,0,0,0,0
2177,41,14,51,3,2.33,2,0,1,0,0,0,1,0,0
2178,31,7,108,1,4,1,1,0,0,0,0,1,0,0
2179,37,13,158,2,2.3,2,0,1,0,0,1,1,1,1
2180,49,23,68,1,1.5,2,0,1,0,0,0,0,0,0
2181,58,33,42,2,1.6,3,0,0,0,0,0,1,0,0
2182,45,15,32,1,0.75,3,0,0,105,0,0,1,0,0
2183,40,14,22,2,1.4,3,0,0,0,0,0,0,0,0
2184,34,8,29,2,2,3,0,0,0,0,0,1,1,0
2185,62,36,183,2,3.4,3,0,0,0,0,0,0,0,1
2186,54,30,69,1,1.6,3,0,0,0,0,0,1,1,0
2187,26,2,92,2,0.2,1,1,0,0,0,0,1,0,0
2188,54,30,40,2,1,3,0,0,0,0,0,0,0,0
2189,29,4,9,4,0.5,3,0,0,86,0,0,1,1,0
2190,48,23,128,1,0.6,1,1,0,0,0,0,1,1,0
2191,27,3,110,2,0.2,1,1,0,294,1,0,0,1,0
2192,42,18,171,2,8,1,1,0,0,0,0,1,0,0
2193,25,1,13,4,1,1,1,0,95,0,0,0,1,0
2194,45,19,25,2,0.1,3,0,0,102,0,0,1,0,0
2195,34,9,123,1,1.6,2,0,1,0,0,0,1,0,1
2196,51,27,33,4,0.2,1,1,0,83,0,0,1,0,0
2197,51,24,189,4,4.75,2,0,1,0,0,0,1,0,1
2198,60,35,34,1,0.3,3,0,0,0,0,0,1,0,0
2199,59,35,58,1,0,2,0,1,0,0,0,1,0,0
2200,49,24,51,1,1.3,2,0,1,98,0,0,0,1,0
2201,50,25,29,2,1.3,1,1,0,0,0,0,0,0,0
2202,41,16,111,2,0.4,1,1,0,0,0,0,0,0,0
2203,49,24,43,4,1.9,3,0,0,0,0,0,1,0,0
2204,50,25,130,1,0.6,1,1,0,311,0,0,0,0,0
2205,63,37,20,2,0.4,1,1,0,76,0,0,0,0,0
2206,63,37,101,2,2.8,1,1,0,0,0,0,0,0,0
2207,33,7,48,4,2.2,2,0,1,207,0,0,0,0,0
2208,38,12,180,1,2.8,3,0,0,158,0,0,1,0,1
2209,64,40,92,2,0,3,0,0,185,1,0,1,0,0
2210,36,10,33,3,0.9,1,1,0,0,0,0,0,0,0
2211,58,33,51,2,1.9,2,0,1,0,0,0,0,0,0
2212,39,14,31,2,1.4,2,0,1,94,0,0,1,1,0
2213,46,22,83,1,2.7,1,1,0,0,0,0,1,0,0
2214,61,37,45,1,0.8,1,1,0,0,0,0,0,0,0
2215,53,27,89,1,0.8,3,0,0,146,0,0,1,1,0
2216,28,3,193,3,4,2,0,1,0,0,0,1,0,1
2217,64,40,89,1,3.8,1,1,0,0,0,0,0,0,0
2218,48,24,162,4,3.3,2,0,1,446,0,1,1,0,1
2219,38,13,9,2,0.3,2,0,1,0,0,0,0,0,0
2220,52,22,58,4,2,3,0,0,223,0,0,1,0,0
2221,65,40,80,1,0.8,3,0,0,0,0,0,1,0,0
2222,59,33,73,2,1.7,3,0,0,0,0,0,1,1,0
2223,45,20,41,1,0.3,1,1,0,0,0,0,1,0,0
2224,53,28,74,3,2,2,0,1,0,1,0,0,0,0
2225,38,12,29,2,1.4,3,0,0,0,0,0,1,0,0
2226,54,24,25,4,0.4,3,0,0,115,0,0,0,0,0
2227,25,1,98,1,5.4,1,1,0,0,0,0,1,0,0
2228,61,35,59,4,1.7,2,0,1,0,0,0,1,1,0
2229,48,23,43,4,1.9,3,0,0,0,0,0,1,0,0
2230,46,22,72,4,1.4,2,0,1,149,0,0,1,1,0
2231,36,11,183,1,3,3,0,0,0,0,1,1,1,1
2232,46,20,134,1,5.7,1,1,0,146,1,0,1,0,0
2233,59,33,140,2,0.5,1,1,0,262,0,0,1,0,0
2234,59,35,39,1,1.8,3,0,0,0,0,0,1,0,0
2235,36,12,35,4,0.4,2,0,1,0,0,0,1,0,0
2236,63,37,141,2,6.9,1,1,0,0,0,0,1,1,0
2237,51,24,23,1,0.5,2,0,1,0,0,0,1,0,0
2238,30,5,134,1,0,1,1,0,0,0,0,1,1,0
2239,48,22,35,1,1.4,3,0,0,0,0,0,1,0,0
2240,55,29,42,4,2.5,1,1,0,0,1,0,0,0,0
2241,41,17,81,4,0.2,3,0,0,167,1,0,0,0,0
2242,26,0,14,4,0.4,1,1,0,94,0,0,1,0,0
2243,41,17,45,1,1.8,1,1,0,172,1,0,1,0,0
2244,54,28,79,3,1.7,2,0,1,150,0,0,1,1,0
2245,57,31,53,1,0.8,2,0,1,120,0,0,0,0,0
2246,54,28,33,2,0.7,2,0,1,0,0,0,0,1,0
2247,35,11,190,3,3.1,2,0,1,266,0,0,0,0,1
2248,60,34,60,1,2.5,3,0,0,103,0,0,0,0,0
2249,63,37,8,1,0.8,2,0,1,97,0,0,1,0,0
2250,41,14,38,3,1,2,0,1,150,0,0,1,0,0
2251,46,22,154,1,5,1,1,0,0,0,0,1,0,0
2252,31,5,54,4,2.2,2,0,1,0,0,0,0,0,0
2253,58,32,41,3,1.4,1,1,0,0,0,0,1,0,0
2254,59,35,25,2,0.3,1,1,0,75,0,0,1,0,0
2255,46,22,53,2,1.7,1,1,0,109,0,0,0,0,0
2256,33,9,79,1,0.1,1,1,0,0,0,0,1,0,0
2257,56,31,13,4,0.9,2,0,1,76,0,1,1,1,0
2258,47,23,130,2,1.4,1,1,0,0,0,0,0,0,0
2259,59,33,93,2,0.7,2,0,1,0,0,0,0,0,0
2260,24,0,82,3,0.8,1,1,0,0,0,0,1,0,0
2261,39,14,15,2,0.3,2,0,1,92,0,0,0,0,0
2262,30,3,150,4,5,2,0,1,0,0,0,1,0,1
2263,55,29,131,2,0.7,2,0,1,0,0,0,0,1,1
2264,47,21,28,3,1.5,1,1,0,0,0,0,1,0,0
2265,35,11,9,4,0.7,2,0,1,0,0,0,1,0,0
2266,47,23,88,4,1.4,2,0,1,0,0,0,0,0,0
2267,38,13,143,1,4.1,1,1,0,0,0,0,0,0,0
2268,38,13,168,2,1.3,3,0,0,0,0,0,0,0,1
2269,27,3,105,1,3,2,0,1,0,1,0,0,0,1
2270,42,18,62,3,2.1,3,0,0,0,0,0,1,0,0
2271,26,2,51,4,2.6,1,1,0,0,0,0,1,0,0
2272,60,34,101,3,4.4,1,1,0,0,0,0,1,1,0
2273,27,3,90,3,0.8,1,1,0,0,0,0,1,0,0
2274,27,1,83,4,2.1,3,0,0,0,0,0,1,1,0
2275,40,15,21,2,0,3,0,0,0,0,0,1,0,0
2276,40,16,115,1,3.4,1,1,0,0,0,0,1,0,0
2277,29,3,172,4,4.4,1,1,0,0,0,0,0,0,1
2278,30,6,32,2,1,2,0,1,0,0,0,0,0,0
2279,30,4,204,2,4.5,1,1,0,0,0,0,1,0,0
2280,47,23,34,4,0.6,1,1,0,0,0,1,1,1,0
2281,33,7,30,2,2,3,0,0,132,0,0,0,0,0
2282,57,32,31,3,1.3,2,0,1,0,0,0,1,1,0
2283,38,14,90,2,2.7,1,1,0,0,0,0,1,1,0
2284,54,28,79,4,2.6,3,0,0,0,0,0,0,0,0
2285,47,23,22,4,0.6,1,1,0,0,0,0,1,1,0
2286,48,22,114,1,2.4,3,0,0,0,0,0,1,0,1
2287,62,36,42,1,0.5,3,0,0,128,0,0,1,0,0
2288,30,6,29,1,0.2,3,0,0,90,0,0,1,0,0
2289,35,11,72,3,2.6,2,0,1,0,0,0,1,0,0
2290,59,35,68,1,1.8,3,0,0,95,0,0,0,0,0
2291,38,13,78,4,0.7,3,0,0,0,0,0,1,0,0
2292,47,23,90,1,2.7,1,1,0,323,0,0,0,0,0
2293,57,33,170,2,2.1,2,0,1,0,0,0,0,0,1
2294,42,17,14,2,0.1,2,0,1,0,0,0,1,0,0
2295,39,15,129,2,1.9,1,1,0,0,0,0,0,0,0
2296,53,23,39,3,1,3,0,0,87,0,0,1,0,0
2297,27,3,82,2,0.2,1,1,0,0,0,0,0,1,0
2298,59,35,31,3,0.4,2,0,1,0,0,0,1,1,0
2299,48,24,9,4,0.5,2,0,1,0,0,0,0,1,0
2300,62,37,15,3,0.1,3,0,0,91,0,0,0,0,0
2301,66,41,70,3,2.2,1,1,0,0,0,0,0,0,0
2302,38,13,84,4,0.7,3,0,0,0,0,0,0,0,0
2303,42,17,155,1,7,1,1,0,0,0,0,0,1,0
2304,47,21,89,2,0.8,3,0,0,0,0,0,1,1,0
2305,27,2,170,3,4.7,1,1,0,0,0,0,1,0,1
2306,32,7,185,2,6.7,1,1,0,0,0,1,1,1,0
2307,37,13,82,2,2.2,1,1,0,0,0,0,0,0,0
2308,56,31,60,3,1.7,1,1,0,0,0,0,1,0,0
2309,39,13,58,2,2.4,2,0,1,0,0,0,1,0,0
2310,36,12,29,1,1.33,1,1,0,81,0,0,1,0,0
2311,32,6,32,2,0.3,1,1,0,0,0,0,0,0,0
2312,62,37,115,4,3.4,2,0,1,0,0,0,1,1,0
2313,48,22,83,2,2.4,2,0,1,0,0,0,1,0,0
2314,58,32,54,3,0.3,2,0,1,0,0,0,1,1,0
2315,27,2,112,4,1.8,3,0,0,0,1,0,1,0,0
2316,52,26,182,2,1.4,2,0,1,0,0,0,1,0,1
2317,54,30,112,2,6.8,1,1,0,0,0,0,1,0,0
2318,31,5,129,3,5.9,3,0,0,319,1,1,0,1,1
2319,60,34,23,1,0.8,2,0,1,112,0,0,1,0,0
2320,34,9,198,2,3,1,1,0,422,0,0,1,0,0
2321,46,22,84,4,2,3,0,0,0,0,0,1,0,0
2322,41,15,39,3,0.5,3,0,0,0,0,0,0,0,0
2323,62,37,129,1,1.3,1,1,0,0,0,0,1,0,0
2324,31,7,113,2,2,2,0,1,315,0,0,0,0,0
2325,41,11,35,1,0.75,3,0,0,114,0,0,1,0,0
2326,55,30,85,1,0.1,3,0,0,0,0,0,0,0,0
2327,45,19,73,4,2.9,1,1,0,0,0,0,0,0,0
2328,51,25,70,1,0.8,3,0,0,0,1,0,1,0,0
2329,27,2,130,3,4.4,1,1,0,192,0,0,1,0,1
2330,30,4,39,1,1.5,1,1,0,0,0,0,1,0,0
2331,31,5,72,4,1.8,2,0,1,242,0,0,1,1,0
2332,61,37,68,4,2.3,3,0,0,0,0,0,0,0,0
2333,40,16,35,1,1.4,3,0,0,0,0,0,1,1,0
2334,45,21,61,3,0.7,1,1,0,0,1,1,1,1,0
2335,45,21,69,4,1.9,1,1,0,0,0,0,0,0,0
2336,37,13,59,1,3.6,2,0,1,0,0,0,0,0,0
2337,34,8,99,2,4.5,3,0,0,217,0,0,0,0,0
2338,43,16,201,1,10,2,0,1,0,0,0,0,1,1
2339,42,18,130,2,7.5,1,1,0,0,0,0,0,1,0
2340,56,31,72,3,2,2,0,1,0,0,0,0,0,0
2341,33,9,44,1,1.2,1,1,0,0,0,0,0,0,0
2342,36,10,91,1,1.5,3,0,0,289,0,0,1,0,0
2343,62,37,92,3,0.5,1,1,0,310,0,0,1,0,0
2344,58,34,55,1,0.8,1,1,0,168,0,0,1,1,0
2345,65,40,20,3,0.5,1,1,0,102,0,0,1,1,0
2346,65,40,89,1,4.1,1,1,0,299,0,1,1,0,1
2347,52,26,59,2,1.5,2,0,1,239,0,0,0,1,0
2348,64,39,8,3,0.1,3,0,0,87,0,0,0,1,0
2349,51,25,85,4,4.9,1,1,0,0,0,0,1,1,0
2350,59,35,94,1,4.3,1,1,0,76,1,1,1,0,0
2351,52,28,22,2,0.4,1,1,0,0,0,0,1,1,0
2352,55,31,74,2,3.2,3,0,0,0,0,0,1,1,0
2353,46,19,59,3,2.67,2,0,1,0,0,0,0,0,0
2354,61,36,12,4,0.6,2,0,1,0,0,0,1,1,0
2355,35,9,8,1,0.4,2,0,1,0,0,0,1,0,0
2356,56,31,74,3,1.6,3,0,0,0,0,0,1,1,0
2357,31,5,184,4,3.4,2,0,1,0,0,1,1,1,1
2358,44,19,34,4,0,2,0,1,0,0,0,0,0,0
2359,53,27,63,2,0.8,3,0,0,0,1,0,1,0,0
2360,36,12,123,2,5.6,2,0,1,0,0,1,1,1,1
2361,27,1,85,2,1.6,3,0,0,0,0,0,0,0,0
2362,36,12,109,3,0.5,3,0,0,0,1,1,1,0,1
2363,40,15,31,1,0.6,3,0,0,0,0,0,1,0,0
2364,39,13,61,2,2.4,2,0,1,90,0,0,1,0,0
2365,59,35,88,2,1.6,1,1,0,0,0,0,0,1,0
2366,43,18,22,2,0.3,2,0,1,0,0,0,0,0,0
2367,30,4,63,4,2.2,2,0,1,0,1,0,1,0,0
2368,26,1,80,4,0.2,1,1,0,0,0,0,1,1,0
2369,48,22,78,3,2.1,1,1,0,0,0,0,1,1,0
2370,50,24,45,4,0.1,1,1,0,93,0,0,1,0,0
2371,33,7,51,4,2.1,3,0,0,0,0,0,0,1,0
2372,32,6,111,2,1.5,3,0,0,0,0,0,0,0,0
2373,34,10,45,3,2.8,1,1,0,153,0,0,1,1,0
2374,33,9,184,2,4.8,2,0,1,0,0,0,0,0,1
2375,32,5,41,2,1,2,0,1,112,1,0,1,0,0
2376,55,30,69,4,1.3,3,0,0,0,1,1,1,1,0
2377,58,33,23,3,0.2,1,1,0,0,0,0,0,0,0
2378,47,23,160,2,6.67,1,1,0,0,0,0,0,0,0
2379,30,5,61,1,0.8,2,0,1,251,1,1,1,0,0
2380,42,18,110,2,6.1,1,1,0,182,0,0,1,0,0
2381,40,16,50,2,0.6,3,0,0,0,0,0,0,0,0
2382,33,9,49,1,2.4,2,0,1,0,0,0,1,0,0
2383,46,20,185,4,7.5,2,0,1,428,0,0,0,1,1
2384,63,39,52,2,1.1,1,1,0,0,0,0,1,1,0
2385,62,37,53,2,2.8,1,1,0,0,0,0,1,0,0
2386,43,17,125,4,3.5,2,0,1,0,0,0,0,0,1
2387,31,5,72,3,1.6,1,1,0,0,0,0,1,0,0
2388,28,2,51,4,1.8,3,0,0,0,0,0,0,1,0
2389,64,39,23,3,0.5,1,1,0,0,1,0,0,0,0
2390,27,1,41,1,1.9,3,0,0,0,0,0,0,1,0
2391,33,9,41,3,2,1,1,0,108,0,0,1,0,0
2392,39,12,138,1,4.67,2,0,1,0,0,0,1,0,1
2393,44,20,138,2,3.3,1,1,0,0,0,0,0,1,0
2394,53,28,14,4,0.8,1,1,0,0,0,0,1,1,0
2395,42,18,145,2,8,1,1,0,505,0,0,0,0,0
2396,44,17,25,3,1,2,0,1,0,0,0,0,1,0
2397,34,10,43,1,1.7,1,1,0,142,0,0,0,1,0
2398,47,22,93,1,0.2,2,0,1,309,0,0,1,0,0
2399,53,29,90,2,0.3,1,1,0,217,1,0,0,1,0
2400,62,36,41,2,1,3,0,0,154,1,0,1,0,0
2401,61,36,169,2,6.1,3,0,0,106,0,1,1,1,1
2402,42,17,63,2,2.2,3,0,0,0,0,0,1,0,0
2403,48,21,23,3,0.67,2,0,1,95,0,0,0,0,0
2404,38,13,140,4,0.5,1,1,0,0,0,0,0,0,1
2405,41,15,75,1,1.5,3,0,0,0,0,0,1,0,0
2406,57,32,13,4,0.9,2,0,1,78,1,0,1,0,0
2407,31,7,10,1,0.5,3,0,0,81,0,0,1,0,0
2408,39,15,100,1,0.8,2,0,1,0,0,0,1,0,0
2409,48,22,85,3,1.1,1,1,0,203,0,0,1,0,0
2410,55,31,73,3,2.67,1,1,0,219,0,0,1,0,0
2411,29,4,130,2,6.7,1,1,0,0,0,0,0,1,0
2412,47,22,65,3,2.7,2,0,1,0,0,0,1,0,0
2413,61,36,59,4,1.7,1,1,0,148,0,0,0,0,0
2414,60,34,31,2,1,3,0,0,0,0,0,0,0,0
2415,34,10,134,1,4,1,1,0,0,0,0,0,0,0
2416,45,21,11,4,0.2,1,1,0,106,0,0,1,1,0
2417,60,35,32,1,0.3,3,0,0,80,0,0,1,0,0
2418,25,0,53,2,1.6,3,0,0,0,0,0,1,1,0
2419,41,17,28,1,0.7,1,1,0,0,0,0,0,1,0
2420,63,37,44,2,1,3,0,0,0,0,0,1,0,0
2421,63,39,40,1,0.8,1,1,0,118,0,0,0,1,0
2422,43,19,40,3,0.6,2,0,1,0,0,0,1,0,0
2423,58,32,163,2,0.5,1,1,0,400,0,0,0,0,0
2424,50,25,82,1,1.3,3,0,0,0,0,0,1,0,0
2425,38,12,89,4,1.4,2,0,1,0,0,0,0,0,0
2426,54,30,78,4,1.6,2,0,1,0,0,0,1,1,0
2427,61,36,55,3,0.9,3,0,0,197,0,0,0,0,0
2428,29,5,34,4,0.4,2,0,1,0,0,0,1,0,0
2429,39,12,108,4,3.67,2,0,1,301,0,0,0,1,1
2430,33,7,58,4,2.2,2,0,1,0,0,0,1,1,0
2431,23,0,73,4,2.6,1,1,0,0,0,0,1,0,0
2432,56,31,54,4,2.1,1,1,0,0,0,0,1,0,0
2433,54,30,45,4,0.9,2,0,1,0,0,0,0,1,0
2434,37,11,123,1,2.3,2,0,1,0,1,1,1,0,1
2435,38,12,93,1,5.2,1,1,0,267,0,0,1,0,0
2436,34,9,102,4,2.2,2,0,1,0,0,0,1,0,0
2437,53,29,39,3,1.5,1,1,0,0,0,0,1,0,0
2438,65,40,114,4,3.4,2,0,1,0,0,0,0,1,0
2439,62,37,29,1,0.3,3,0,0,0,0,0,0,1,0
2440,51,25,30,3,0.6,2,0,1,144,0,0,0,1,0
2441,31,5,22,1,0.6,3,0,0,0,0,0,0,0,0
2442,64,38,38,2,0.3,1,1,0,186,0,0,1,1,0
2443,39,15,41,2,1.7,1,1,0,0,0,0,0,0,0
2444,28,3,161,4,1.7,3,0,0,422,0,1,1,1,1
2445,60,35,38,3,0.5,2,0,1,0,0,0,1,1,0
2446,47,23,25,1,0.9,3,0,0,0,0,0,1,0,0
2447,25,1,70,4,2.6,1,1,0,218,0,0,1,0,0
2448,44,19,201,2,8.8,1,1,0,0,0,0,1,1,0
2449,51,26,42,2,0.6,3,0,0,0,0,0,1,1,0
2450,31,7,64,1,1.2,1,1,0,0,0,0,1,0,0
2451,32,7,28,4,1.1,3,0,0,0,0,0,0,0,0
2452,51,25,119,1,4.9,1,1,0,208,0,0,1,1,0
2453,25,1,28,1,1,3,0,0,0,0,0,1,0,0
2454,43,19,60,3,2.1,3,0,0,0,0,0,1,0,0
2455,54,29,23,1,1.5,2,0,1,0,0,0,0,0,0
2456,34,8,164,4,7.4,3,0,0,0,0,0,1,0,1
2457,54,30,39,2,0.8,1,1,0,0,0,0,0,1,0
2458,42,17,19,2,0,3,0,0,85,0,0,1,1,0
2459,46,20,72,2,0.8,3,0,0,0,0,0,1,1,0
2460,62,37,41,3,0.9,3,0,0,0,0,0,1,1,0
2461,31,5,32,2,0.3,2,0,1,130,0,0,1,0,0
2462,30,5,69,1,0.8,2,0,1,0,0,0,1,0,0
2463,52,28,23,3,0.4,1,1,0,0,0,0,1,0,0
2464,35,9,44,4,0.2,1,1,0,0,0,0,1,0,0
2465,60,36,32,3,0.4,2,0,1,165,0,0,1,0,0
2466,58,34,25,2,0.3,1,1,0,123,0,0,1,0,0
2467,24,0,80,2,1.6,3,0,0,0,0,0,1,0,0
2468,40,16,83,1,0.8,2,0,1,230,1,0,1,0,0
2469,49,23,133,1,7.3,1,1,0,0,0,0,1,1,0
2470,43,18,89,1,0.1,2,0,1,307,0,0,0,1,0
2471,33,7,81,2,4.5,3,0,0,187,0,1,1,1,0
2472,36,11,44,2,1.1,2,0,1,85,0,0,1,0,0
2473,62,36,119,2,2,1,1,0,0,0,0,0,0,0
2474,57,32,39,4,0.9,1,1,0,147,0,0,0,0,0
2475,64,38,40,2,1,3,0,0,0,0,0,0,0,0
2476,52,26,79,3,0.8,1,1,0,183,0,0,0,0,0
2477,54,28,30,4,0.7,2,0,1,0,0,0,1,0,0
2478,40,14,179,1,2.6,3,0,0,0,0,0,1,0,1
2479,30,5,178,2,6.7,1,1,0,0,0,0,0,0,0
2480,55,30,82,4,3.8,2,0,1,0,0,0,1,0,0
2481,39,13,50,2,2.4,2,0,1,0,0,0,0,0,0
2482,55,30,64,2,1.9,2,0,1,0,0,0,0,0,0
2483,28,4,129,1,1.5,1,1,0,0,0,0,0,1,0
2484,44,18,68,4,2.9,1,1,0,0,1,0,0,0,0
2485,46,21,30,1,1.4,3,0,0,112,1,0,0,0,0
2486,61,36,48,3,1.5,1,1,0,0,0,0,0,1,0
2487,61,36,130,1,1.3,1,1,0,257,0,0,0,0,0
2488,45,20,40,1,0.5,3,0,0,0,1,0,1,0,0
2489,38,14,105,2,1.9,1,1,0,0,0,0,1,0,0
2490,29,3,41,4,0.2,1,1,0,0,0,0,1,0,0
2491,52,28,168,3,6.5,3,0,0,118,0,0,1,0,1
2492,38,14,80,2,2.7,1,1,0,0,0,0,1,0,0
2493,28,3,134,2,3.1,1,1,0,0,0,0,1,0,0
2494,34,9,49,1,2.5,3,0,0,0,0,0,0,0,0
2495,35,9,63,2,1.8,1,1,0,0,0,0,1,0,0
2496,46,22,70,4,1.9,1,1,0,212,0,0,0,1,0
2497,63,37,32,3,0.7,2,0,1,141,0,0,0,0,0
2498,33,9,14,3,0.9,3,0,0,114,0,0,0,0,0
2499,38,14,111,2,6.1,1,1,0,326,0,0,0,0,0
2500,53,27,38,4,2.8,2,0,1,144,1,0,1,0,0
